path,bytes,sha256,symbols,cells,stored_errors,category
".gitignore","41","5c478957f16409b511ab402312fa31bdb94fbdb54ccaeabf58022c1a24f5558f","","","","núcleo/experimento de desarrollo"
"COMO_EJECUTAR.md","21466","ca8210a16a41402b2c26428d9b2064839e1302d13fcc7ba25e7109c579e34fe9","","","","núcleo/experimento de desarrollo"
"README.md","871","9534633b64ef544b4f95217f2bbc2137902c5328986e76099c5c5745d8a71eea","","","","núcleo/experimento de desarrollo"
"3-Pacientes/LDCT_temp/C095/1.000000-Full Dose Images-44048/1-001.dcm","526608","62786d8bb9d6e931c47169a6a66117a68a6789e3092e7d4e84883cee685afef3","","","","datos DICOM externos"
"3-Pacientes/LDCT_temp/C095/1.000000-Full Dose Images-44048/1-002.dcm","526608","c32e5a917325e4003570e72c9b6eb05a8da9128fe9992dea33f21e7477262e01","","","","datos DICOM externos"
"3-Pacientes/LDCT_temp/C095/1.000000-Full Dose Images-44048/1-003.dcm","526608","d6634993c0ca0c5db1d84ea53f7b35af4d4586675f4dec26ac279e52e38c9ab4","","","","datos DICOM externos"
"3-Pacientes/LDCT_temp/C095/1.000000-Full Dose Images-44048/1-004.dcm","526608","26a85e4c549b1e66240918f808e1751638d8410f6fa2836c3c4b5a81a7b06768","","","","datos DICOM externos"
"3-Pacientes/LDCT_temp/C095/1.000000-Full Dose Images-44048/1-005.dcm","526608","55aa55b55b9b0aacc83fee547d48f5e02a23327f0766db91ac248cc0378165a7","","","","datos DICOM externos"
"3-Pacientes/LDCT_temp/C095/1.000000-Full Dose Images-44048/1-006.dcm","526608","c23c1f55902e225f9c79e9cabc8a852db4565388714809592079cd70f8bb8142","","","","datos DICOM externos"
"3-Pacientes/LDCT_temp/C095/1.000000-Full Dose Images-44048/1-007.dcm","526608","8953e186787747b5ab1a29f85a0d963ab11b82164362f697199404813edb247f","","","","datos DICOM externos"
"3-Pacientes/LDCT_temp/C095/1.000000-Full Dose Images-44048/1-008.dcm","526608","80233a649c22d329479dbcd7f0402d32f78ebe597df0711dc65b769523abd8f5","","","","datos DICOM externos"
"3-Pacientes/LDCT_temp/C095/1.000000-Full Dose Images-44048/1-009.dcm","526608","ec24e755c15c2a8599b131d6ec6154e2ba94545ed9476d91246280cd79c6f317","","","","datos DICOM externos"
"3-Pacientes/LDCT_temp/C095/1.000000-Full Dose Images-44048/1-010.dcm","526608","cde2e79f5dcf808ec3790ef1dc2809b4eb974060856e4caf7f69630f9ccbaf2e","","","","datos DICOM externos"
"3-Pacientes/LDCT_temp/C095/1.000000-Full Dose Images-44048/1-011.dcm","526608","bb9e42eda0a18d31f079b0956fbd9f3af306af687dd37322df320ac9e036f0e3","","","","datos DICOM externos"
"3-Pacientes/LDCT_temp/C095/1.000000-Full Dose Images-44048/1-012.dcm","526608","3ab93f3585630fa0158b2833ba1d9fb7ac4a3dd0b3d2e844bbc1eb6692be9b00","","","","datos DICOM externos"
"3-Pacientes/LDCT_temp/C095/1.000000-Full Dose Images-44048/1-013.dcm","526608","c874f5ed33d98d5d3683b48995a24c0d627480f84327a2fca50077af25162c50","","","","datos DICOM externos"
"3-Pacientes/LDCT_temp/C095/1.000000-Full Dose Images-44048/1-014.dcm","526608","94bedcd4fb5ad07e4310e091d29a4727194f6adfc62d0cf9445e890aeb8da2b8","","","","datos DICOM externos"
"3-Pacientes/LDCT_temp/C095/1.000000-Full Dose Images-44048/1-015.dcm","526608","48a466b63db7b3b83ba1ca96eccf6ea96b8d17dff8fec55a373d54933fc92ee9","","","","datos DICOM externos"
"3-Pacientes/LDCT_temp/C095/1.000000-Full Dose Images-44048/1-016.dcm","526608","1dc641a174acf470b0e2af1b7be17e34d87ea53b204ccfa322fc8b6bb9ee39c8","","","","datos DICOM externos"
"3-Pacientes/LDCT_temp/C095/1.000000-Full Dose Images-44048/1-017.dcm","526604","55197d47f081cfc9af26522fea4fa59e48fda81ff816b97a0d9f7bb63750d307","","","","datos DICOM externos"
"3-Pacientes/LDCT_temp/C095/1.000000-Full Dose Images-44048/1-018.dcm","526608","6497d787421e20f17946a68c2a3af4fe4febf31b07dc676988075680e5a4b221","","","","datos DICOM externos"
"3-Pacientes/LDCT_temp/C095/1.000000-Full Dose Images-44048/1-019.dcm","526604","25909e039a9206fbac1ecd7be9a0ca32bde72d71aed1635a6bec6fa264d07151","","","","datos DICOM externos"
"3-Pacientes/LDCT_temp/C095/1.000000-Full Dose Images-44048/1-020.dcm","526608","d2d07b72825b7ef4d86f8351f4079a6055fbe44bcbf44b805dfdbd3d8eda9991","","","","datos DICOM externos"
"3-Pacientes/LDCT_temp/C095/1.000000-Full Dose Images-44048/1-021.dcm","526608","7ad0077f805d3c09cad4d0c37bc0107398add35b01aeb799f198bc43250ba828","","","","datos DICOM externos"
"3-Pacientes/LDCT_temp/C095/1.000000-Full Dose Images-44048/1-022.dcm","526608","ea455e6065d57b6bb6917a007436033adc56bdaf3fd10b68b9480a02be94491a","","","","datos DICOM externos"
"3-Pacientes/LDCT_temp/C095/1.000000-Full Dose Images-44048/1-023.dcm","526604","81461c8c07ff35589d82cbfc940a20990cefe6b44aa966940571381f2133de70","","","","datos DICOM externos"
"3-Pacientes/LDCT_temp/C095/1.000000-Full Dose Images-44048/1-024.dcm","526608","d334bca18c20a9d5bc6ba1dc858b007875ee9215c34744d33d336b8f779eb804","","","","datos DICOM externos"
"3-Pacientes/LDCT_temp/C095/1.000000-Full Dose Images-44048/1-025.dcm","526608","ed29b727a6bddcb661dbdac7bbcc973c7d4aed79c9ba8fc11049a0ff0901c14f","","","","datos DICOM externos"
"3-Pacientes/LDCT_temp/C095/1.000000-Full Dose Images-44048/1-026.dcm","526606","30a0351673cfb448614cc9876bedd915b96e3b45a525bc80910a5601375e4afc","","","","datos DICOM externos"
"3-Pacientes/LDCT_temp/C095/1.000000-Full Dose Images-44048/1-027.dcm","526608","62c71721e5b9b68f1473e94777ea8d3e97d14cd058c9652db69948d212699f46","","","","datos DICOM externos"
"3-Pacientes/LDCT_temp/C095/1.000000-Full Dose Images-44048/1-028.dcm","526608","59bdc101241c72be9dae5c6d943bbd33572aa22c9fcd70d233e6a391918c8f97","","","","datos DICOM externos"
"3-Pacientes/LDCT_temp/C095/1.000000-Full Dose Images-44048/1-029.dcm","526608","0b7bb860e9c3b2f0d4399952f8cf040d2c102d5ec2207f15fb0aa205a79baeef","","","","datos DICOM externos"
"3-Pacientes/LDCT_temp/C095/1.000000-Full Dose Images-44048/1-030.dcm","526608","eeaa2eeb23586e947675558f8891ae4d62c2424b0c4b9c393ff45185c6512f5f","","","","datos DICOM externos"
"3-Pacientes/LDCT_temp/C095/1.000000-Full Dose Images-44048/1-031.dcm","526608","1c3daa1686b7d8114d066b0c6e0635694b9a40e6fcc5ebc9c5918435885bafd5","","","","datos DICOM externos"
"3-Pacientes/LDCT_temp/C095/1.000000-Full Dose Images-44048/1-032.dcm","526608","8f6537abc0d5fed0dbf54af325d30590866537a5ec35a61b3a509fa17572bf6c","","","","datos DICOM externos"
"3-Pacientes/LDCT_temp/C095/1.000000-Full Dose Images-44048/1-033.dcm","526608","02213e4b88fa4ff03685b45ee1ec4898515a5fcc3e2964dd61b97eef5b32e329","","","","datos DICOM externos"
"3-Pacientes/LDCT_temp/C095/1.000000-Full Dose Images-44048/1-034.dcm","526608","cf3f73678a9afb63d5d9628679359cc0500986d1954af31dbfa78c786177affd","","","","datos DICOM externos"
"3-Pacientes/LDCT_temp/C095/1.000000-Full Dose Images-44048/1-035.dcm","526608","673f63f18dc9a8eb2fab1e5c3b08d0dd38fa2c02518d4db7aa95008f3fba39dd","","","","datos DICOM externos"
"3-Pacientes/LDCT_temp/C095/1.000000-Full Dose Images-44048/1-036.dcm","526608","afaf977870bf379ae4ab66cc4822782f3865f8115fdae8e7a7616b3ca5c2467c","","","","datos DICOM externos"
"3-Pacientes/LDCT_temp/C095/1.000000-Full Dose Images-44048/1-037.dcm","526604","fadbb412f7691487ecda4af75a689a66c6311a4090a35cc3eacd764e8808706a","","","","datos DICOM externos"
"3-Pacientes/LDCT_temp/C095/1.000000-Full Dose Images-44048/1-038.dcm","526608","923ccecf34d5bbbfde5f7ac9df778bb1c941bca8901e1b2a33b85215232dc319","","","","datos DICOM externos"
"3-Pacientes/LDCT_temp/C095/1.000000-Full Dose Images-44048/1-039.dcm","526608","057517b7c5173b5a862476fef07a41e1c21edf1e31dd12937a8548a58eb53e02","","","","datos DICOM externos"
"3-Pacientes/LDCT_temp/C095/1.000000-Full Dose Images-44048/1-040.dcm","526608","dcddf58c64deed40e3fbe261879626a213602ce64f30eddc344cf444f440bb03","","","","datos DICOM externos"
"3-Pacientes/LDCT_temp/C095/1.000000-Full Dose Images-44048/1-041.dcm","526608","e5658084e01c54a36136c612e39932f9fe626577c57097a86511293a0b7e40c3","","","","datos DICOM externos"
"3-Pacientes/LDCT_temp/C095/1.000000-Full Dose Images-44048/1-042.dcm","526606","3cc245e934b7da8c622e760eb7ef39b70950036620fe511cb28def0a8222bb38","","","","datos DICOM externos"
"3-Pacientes/LDCT_temp/C095/1.000000-Full Dose Images-44048/1-043.dcm","526608","078b855fd7a69f4e8128d0138e82f3d6ef64ab2cad57264851c83fa6e8db64df","","","","datos DICOM externos"
"3-Pacientes/LDCT_temp/C095/1.000000-Full Dose Images-44048/1-044.dcm","526608","21f96fe3ac276c875f8c832ba850696f657c1a0729a23dcf6f82b3a11cad930a","","","","datos DICOM externos"
"3-Pacientes/LDCT_temp/C095/1.000000-Full Dose Images-44048/1-045.dcm","526608","6b2d2a7099ee80e975ad330baab6b9ff6e669124fe8a93f1c73c1387091b0159","","","","datos DICOM externos"
"3-Pacientes/LDCT_temp/C095/1.000000-Full Dose Images-44048/1-046.dcm","526608","7f36e6d022eee0709ea297549b90fdb22a99c9450a92e66fb103e1b8d81cc96a","","","","datos DICOM externos"
"3-Pacientes/LDCT_temp/C095/1.000000-Full Dose Images-44048/1-047.dcm","526608","ce7e4a588a90504dc04fe4d6e93a73e3be5583caf5fca7725a9da53991705001","","","","datos DICOM externos"
"3-Pacientes/LDCT_temp/C095/1.000000-Full Dose Images-44048/1-048.dcm","526608","b09721b41d69685e01321bef701d78a84b6767c62780e9e1dd767d7015c74099","","","","datos DICOM externos"
"3-Pacientes/LDCT_temp/C095/1.000000-Full Dose Images-44048/1-049.dcm","526608","46764e745c0c0d89deaa7257fdbb8eee91d5b6c27b4ab807bbb8ff5d8b57ee70","","","","datos DICOM externos"
"3-Pacientes/LDCT_temp/C095/1.000000-Full Dose Images-44048/1-050.dcm","526608","b54028a0714e099132e1970b2d6a4e435775ca3ed3363e2a08cdafab76bafdee","","","","datos DICOM externos"
"3-Pacientes/LDCT_temp/C095/1.000000-Full Dose Images-44048/1-051.dcm","526608","88d5f6d99ed2926da50f9040cd3d20e6d1ee7d3c00b238ae27dccdb8ace852c4","","","","datos DICOM externos"
"3-Pacientes/LDCT_temp/C095/1.000000-Full Dose Images-44048/1-052.dcm","526608","37698e41eae83ab7ad718b610f7156e9796e764e36d9bd6986a53cd8f444f86a","","","","datos DICOM externos"
"3-Pacientes/LDCT_temp/C095/1.000000-Full Dose Images-44048/1-053.dcm","526604","d7648feb800f10d126ec62ab8c6daa5fc3a130179fde2065a1012fb5c8166692","","","","datos DICOM externos"
"3-Pacientes/LDCT_temp/C095/1.000000-Full Dose Images-44048/1-054.dcm","526608","8c7f1806b565d6393e2436783faaf09da9a94816adcc838ae72a298bb66e1935","","","","datos DICOM externos"
"3-Pacientes/LDCT_temp/C095/1.000000-Full Dose Images-44048/1-055.dcm","526608","7c9fd3b4e2c44bce0d3b3c875bfc23480262cb7a1b6b82b38fcbd901628c1629","","","","datos DICOM externos"
"3-Pacientes/LDCT_temp/C095/1.000000-Full Dose Images-44048/1-056.dcm","526608","1439ef40e831a8183152bac4de4739d52e314b303416038b21329fa6d73300f7","","","","datos DICOM externos"
"3-Pacientes/LDCT_temp/C095/1.000000-Full Dose Images-44048/1-057.dcm","526608","4b4e66f68a48da4b84ed36fcf552c85bdfe618f88299a361ae338174e999399b","","","","datos DICOM externos"
"3-Pacientes/LDCT_temp/C095/1.000000-Full Dose Images-44048/1-058.dcm","526608","509fb6a47314b8abb08bfe6a7560ad6d94c9b3cb2551b04f7fd098f11b536191","","","","datos DICOM externos"
"3-Pacientes/LDCT_temp/C095/1.000000-Full Dose Images-44048/1-059.dcm","526608","8cff42f6d3b51f1332375a2e9c792b7b777d760827301091647963164cf1869a","","","","datos DICOM externos"
"3-Pacientes/LDCT_temp/C095/1.000000-Full Dose Images-44048/1-060.dcm","526608","2031772b786caf698b62ad1a6dbce8bb731029d1faccdbd6f3cf2c8b81107a1c","","","","datos DICOM externos"
"3-Pacientes/LDCT_temp/C095/1.000000-Full Dose Images-44048/1-061.dcm","526608","0c7b1cef19f17e5a05e7ef7b22b4b532061d0c49367484f6c417d7665d20ffba","","","","datos DICOM externos"
"3-Pacientes/LDCT_temp/C095/1.000000-Full Dose Images-44048/1-062.dcm","526608","dc9e8d98f3fa79bd063226c77ff7aad3fa462b3fb0a363bac2e175715399fce7","","","","datos DICOM externos"
"3-Pacientes/LDCT_temp/C095/1.000000-Full Dose Images-44048/1-063.dcm","526608","b9293a9ae677d0b876be86668f7dd96be887002ba5620d73bf2810cbd0c0233c","","","","datos DICOM externos"
"3-Pacientes/LDCT_temp/C095/1.000000-Full Dose Images-44048/1-064.dcm","526606","9510500d7e63c4eeb01e941f234cd567411801655674699b393bbcc18a249ad4","","","","datos DICOM externos"
"3-Pacientes/LDCT_temp/C095/1.000000-Full Dose Images-44048/1-065.dcm","526606","d5c9ff7d82d6888705570b3c2e8b8e2f046e33244528f783785b9d371990cf36","","","","datos DICOM externos"
"3-Pacientes/LDCT_temp/C095/1.000000-Full Dose Images-44048/1-066.dcm","526606","6c0d374943e137e59ce2caef1ccb6228c36b89c46fd7e62c6d6ce9289ea66cb0","","","","datos DICOM externos"
"3-Pacientes/LDCT_temp/C095/1.000000-Full Dose Images-44048/1-067.dcm","526606","53cd98ededb2fccc7e799b64c17f2155e3b941de9a943be44d550404f2a7c17e","","","","datos DICOM externos"
"3-Pacientes/LDCT_temp/C095/1.000000-Full Dose Images-44048/1-068.dcm","526606","3e45735db6a329d0f7ebaa3daa56ec4a2eb71142a39b454f81aa1a04c1d7562b","","","","datos DICOM externos"
"3-Pacientes/LDCT_temp/C095/1.000000-Full Dose Images-44048/1-069.dcm","526606","68050fba6c4a2da45041d1815835ea6861e0da7b1efd2ad0fb9a8c9ccbb126a1","","","","datos DICOM externos"
"3-Pacientes/LDCT_temp/C095/1.000000-Full Dose Images-44048/1-070.dcm","526606","e10a4c1d5ba90075a2ad852e4a35ec3c58a5fb0a3ddb426e2d9936ed44954521","","","","datos DICOM externos"
"3-Pacientes/LDCT_temp/C095/1.000000-Full Dose Images-44048/1-071.dcm","526606","afbd396067a211c00f733cb63baed21a4ec43e25cf6e0cfe6f90f52cfbe9d011","","","","datos DICOM externos"
"3-Pacientes/LDCT_temp/C095/1.000000-Full Dose Images-44048/1-072.dcm","526606","d5216c40f9953373e7654fbd681aabdbbb7f9a4004eabe57f062347880a56c68","","","","datos DICOM externos"
"3-Pacientes/LDCT_temp/C095/1.000000-Full Dose Images-44048/1-073.dcm","526606","4195b6c6f62d03e633c2d40aad0e3b813366ad438b5da4226330ed784f4b9995","","","","datos DICOM externos"
"3-Pacientes/LDCT_temp/C095/1.000000-Full Dose Images-44048/1-074.dcm","526606","e6a602f17be721743a4a6ce77e9e2e14c1c240975b9a71c615e25b6915906dd0","","","","datos DICOM externos"
"3-Pacientes/LDCT_temp/C095/1.000000-Full Dose Images-44048/1-075.dcm","526606","a58fad24db24d443b953b81ca4926f2a8e1e6056612d210d8cb973df7781a573","","","","datos DICOM externos"
"3-Pacientes/LDCT_temp/C095/1.000000-Full Dose Images-44048/1-076.dcm","526606","4e3bd61f6bcb541e07cc0fa93525712e885a4074ec08d16355d9c1fd6dbcdb92","","","","datos DICOM externos"
"3-Pacientes/LDCT_temp/C095/1.000000-Full Dose Images-44048/1-077.dcm","526606","dd43b06c2f52d1f638b2ea9e4413d2d822f7b190847aafad3731eee403d12ce9","","","","datos DICOM externos"
"3-Pacientes/LDCT_temp/C095/1.000000-Full Dose Images-44048/1-078.dcm","526606","4c8236f059784542a7106d6422d112f50fa19e8d9cfddef7c90e719b850f1cb5","","","","datos DICOM externos"
"3-Pacientes/LDCT_temp/C095/1.000000-Full Dose Images-44048/1-079.dcm","526602","45015377733d8bd852aee03b0f3335d9473fc7212b76ec3ec29f3d3b3874eccf","","","","datos DICOM externos"
"3-Pacientes/LDCT_temp/C095/1.000000-Full Dose Images-44048/1-080.dcm","526606","03ef9724c09076f78e0de6a5b261ce5f1a337e7c410050e4ee798c5d6fe3d7f1","","","","datos DICOM externos"
"3-Pacientes/LDCT_temp/C095/1.000000-Full Dose Images-44048/1-081.dcm","526606","0b86e2c05b0d08edca1849de29379ff94ee0bc66237d27ecdca6740873c1bc86","","","","datos DICOM externos"
"3-Pacientes/LDCT_temp/C095/1.000000-Full Dose Images-44048/1-082.dcm","526606","3246d7f8fb4b6017367448ec93bcd9e124786234f877180849bd4f467486b604","","","","datos DICOM externos"
"3-Pacientes/LDCT_temp/C095/1.000000-Full Dose Images-44048/1-083.dcm","526606","d4d9d723f6e87df85573e5557df1e230f30b1af7e2ecc11a97374ab49835e437","","","","datos DICOM externos"
"3-Pacientes/LDCT_temp/C095/1.000000-Full Dose Images-44048/1-084.dcm","526606","6f507a7bff0cd823e81ea1c077169ee7d2462f12b755872a1763bf7f7070d849","","","","datos DICOM externos"
"3-Pacientes/LDCT_temp/C095/1.000000-Full Dose Images-44048/1-085.dcm","526606","6db538c3727ecf2b714a069a6c7bb4725b7a4f412f21db629439accaf9fef295","","","","datos DICOM externos"
"3-Pacientes/LDCT_temp/C095/1.000000-Full Dose Images-44048/1-086.dcm","526606","aec4ea5f708aa19fd79dfdcc1ce00bc99822aa2065ffda988874295164cb3168","","","","datos DICOM externos"
"3-Pacientes/LDCT_temp/C095/1.000000-Full Dose Images-44048/1-087.dcm","526606","57329fa07b9cee0621e8171a00ce623022755b8903ba62632a1cc17b6b48c267","","","","datos DICOM externos"
"3-Pacientes/LDCT_temp/C095/1.000000-Full Dose Images-44048/1-088.dcm","526606","e55491d1464417996245eddf1c97b3e3fd67d938fb6c1ceca4d94c9d2bf8b428","","","","datos DICOM externos"
"3-Pacientes/LDCT_temp/C095/1.000000-Full Dose Images-44048/1-089.dcm","526606","2fb09438cf3f7a4595e12a54a9ac6e50ebbd269fbe98cf4258ac7e289479ad4a","","","","datos DICOM externos"
"3-Pacientes/LDCT_temp/C095/1.000000-Full Dose Images-44048/1-090.dcm","526606","715d9a4ee25c997090f332f61d4c357d414a0fbfe5a6975c584917e40e9774ff","","","","datos DICOM externos"
"3-Pacientes/LDCT_temp/C095/1.000000-Full Dose Images-44048/1-091.dcm","526606","b68ddf0f30db62c9c360641659bd4089bc8419c95751becee6afbeeea7f2ddba","","","","datos DICOM externos"
"3-Pacientes/LDCT_temp/C095/1.000000-Full Dose Images-44048/1-092.dcm","526606","63c0bbc09bcfaa536813232a309343b1a3ad3fdef56dcb83bbf6d831a075ea3c","","","","datos DICOM externos"
"3-Pacientes/LDCT_temp/C095/1.000000-Full Dose Images-44048/1-093.dcm","526606","6ce230505458e722b3457ee12625a4cd22c2d769dc76f89038ad1337cb59981c","","","","datos DICOM externos"
"3-Pacientes/LDCT_temp/C095/1.000000-Full Dose Images-44048/1-094.dcm","526606","bf09d5dc831bd17817f76ddc240028124105697f5b8eaa67ca1517eca5ad855e","","","","datos DICOM externos"
"3-Pacientes/LDCT_temp/C095/1.000000-Full Dose Images-44048/1-095.dcm","526606","a354db72bb9c3735041c2fa356eddfb637c3a27cce36f7d566c6484011ecf578","","","","datos DICOM externos"
"3-Pacientes/LDCT_temp/C095/1.000000-Full Dose Images-44048/1-096.dcm","526606","8c4e5eb69433cf2c6b2e204a6fe4eae10d213653a27bc510457011d6f9e338e5","","","","datos DICOM externos"
"3-Pacientes/LDCT_temp/C095/1.000000-Full Dose Images-44048/1-097.dcm","526606","6128916461660896b05b4cdce36ed1b042bb495a5f7f24e5662a778581cc2ec1","","","","datos DICOM externos"
"3-Pacientes/LDCT_temp/C095/1.000000-Full Dose Images-44048/1-098.dcm","526610","6bcf8413df356ba772cc1f2902f8a6c14710c2b56aa6905f5d3cc39b78581929","","","","datos DICOM externos"
"3-Pacientes/LDCT_temp/C095/1.000000-Full Dose Images-44048/1-099.dcm","526610","e3e0000491ce31122b769b1f6fd3956ac8f324b3ad6e6245a77be9735b2d92fe","","","","datos DICOM externos"
"3-Pacientes/LDCT_temp/C095/1.000000-Full Dose Images-44048/1-100.dcm","526612","1f154fd3507722026476115244601defc7a9f7cf58a41aca8a96bf1736638729","","","","datos DICOM externos"
"3-Pacientes/LDCT_temp/C095/1.000000-Full Dose Images-44048/1-101.dcm","526612","aa2c3c07beed546e528facc11227e21faf1c90916cd160776c10761c98a7e5ce","","","","datos DICOM externos"
"3-Pacientes/LDCT_temp/C095/1.000000-Full Dose Images-44048/1-102.dcm","526612","d8bda4e8f4e0269a4e960c201cede50e7596e63d56fca41fa3882a909ecd734d","","","","datos DICOM externos"
"3-Pacientes/LDCT_temp/C095/1.000000-Full Dose Images-44048/1-103.dcm","526612","c5b0d10b93623df998614c78e747adb923c6a8b6f1ebc57e11568e5a874223d9","","","","datos DICOM externos"
"3-Pacientes/LDCT_temp/C095/1.000000-Full Dose Images-44048/1-104.dcm","526612","9fe258e16a6ff44efefef6cffa15748a3b43d9d806401508fa775191979effba","","","","datos DICOM externos"
"3-Pacientes/LDCT_temp/C095/1.000000-Full Dose Images-44048/1-105.dcm","526612","c346debc417146d57590424a747518e9bd0ab41c0e5a1ee22708f9f1748dd954","","","","datos DICOM externos"
"3-Pacientes/LDCT_temp/C095/1.000000-Full Dose Images-44048/1-106.dcm","526612","d8c51506b78c30a4ec75fca1673d0264e4326bc12dbdc68d0321056376e0e2f6","","","","datos DICOM externos"
"3-Pacientes/LDCT_temp/C095/1.000000-Full Dose Images-44048/1-107.dcm","526612","73ebdba3889649ade423afb9790c18b1d3b4bd5433ce48d00fd9142e7044021b","","","","datos DICOM externos"
"3-Pacientes/LDCT_temp/C095/1.000000-Full Dose Images-44048/1-108.dcm","526612","dd25d86fb50e231fdb39a824d17027dd625b98d1dba883a975fce181fc506fc1","","","","datos DICOM externos"
"3-Pacientes/LDCT_temp/C095/1.000000-Full Dose Images-44048/1-109.dcm","526612","fe2568f5c4fe2e76425b2fd9a49abd8b89650e9546cca779ff59ef0064c25fab","","","","datos DICOM externos"
"3-Pacientes/LDCT_temp/C095/1.000000-Full Dose Images-44048/1-110.dcm","526612","f6ee614e312fd5739d7a7e4d6c068314fb5f954ee271c36d151c6e2f3b293a42","","","","datos DICOM externos"
"3-Pacientes/LDCT_temp/C095/1.000000-Full Dose Images-44048/1-111.dcm","526612","d74cd7684b72530c392de761f0491522f93f9d125b538e37634102df72351c2a","","","","datos DICOM externos"
"3-Pacientes/LDCT_temp/C095/1.000000-Full Dose Images-44048/1-112.dcm","526612","c184545549bcbacc62dc10ad6b3255ad5664d4b3f5b014890a10f2a6e19b9932","","","","datos DICOM externos"
"3-Pacientes/LDCT_temp/C095/1.000000-Full Dose Images-44048/1-113.dcm","526612","1f2eabbf2fcd1caf130827025a4383301be06e3a1365ef756933a292a1cbb0f2","","","","datos DICOM externos"
"3-Pacientes/LDCT_temp/C095/1.000000-Full Dose Images-44048/1-114.dcm","526612","c677c1abba49cef6ccfe23348978245de8505b092b47c381d03563ca74dbb5d1","","","","datos DICOM externos"
"3-Pacientes/LDCT_temp/C095/1.000000-Full Dose Images-44048/1-115.dcm","526612","60bb3158acc55a644350f044334dd82f3a79c1ec37b9904cbfb0ec0c0f31520c","","","","datos DICOM externos"
"3-Pacientes/LDCT_temp/C095/1.000000-Full Dose Images-44048/1-116.dcm","526612","9004f492d04f120a64b0b1b08ac10aeec9fe13cd1a8acd0d8d9b9f2302d15fb7","","","","datos DICOM externos"
"3-Pacientes/LDCT_temp/C095/1.000000-Full Dose Images-44048/1-117.dcm","526612","e12264f1aa1f960e8a9bd6cfd3e11f405e3a966344deae528f45fa395ea8a874","","","","datos DICOM externos"
"3-Pacientes/LDCT_temp/C095/1.000000-Full Dose Images-44048/1-118.dcm","526612","1742e1f58cfde5de739b93073e0ddb0e94655f0e7276f811179dfce509e7a27b","","","","datos DICOM externos"
"3-Pacientes/LDCT_temp/C095/1.000000-Full Dose Images-44048/1-119.dcm","526612","84441848f841fe48bb69e72f43b585860cdfcca999fae120f3126c1ff603501a","","","","datos DICOM externos"
"3-Pacientes/LDCT_temp/C095/1.000000-Full Dose Images-44048/1-120.dcm","526612","33eb6c17076612fe9f65c9de32c6fb759bb954e20ee3e9733fd6550d9d48a1bc","","","","datos DICOM externos"
"3-Pacientes/LDCT_temp/C095/1.000000-Full Dose Images-44048/1-121.dcm","526612","0b9afb2e074ab893dad24e4b7bb0aca91eca79cd7adbe831606060fc30136a12","","","","datos DICOM externos"
"3-Pacientes/LDCT_temp/C095/1.000000-Full Dose Images-44048/1-122.dcm","526612","aeac0ef327b485d15bfa4ddbdd96fc1d76d0eab124e0ecfdc20c117e0ea6d376","","","","datos DICOM externos"
"3-Pacientes/LDCT_temp/C095/1.000000-Full Dose Images-44048/1-123.dcm","526612","42096ce050936a20f5b4804f69a580a80d853f8d3b98c07e79b2c9d254070e59","","","","datos DICOM externos"
"3-Pacientes/LDCT_temp/C095/1.000000-Full Dose Images-44048/1-124.dcm","526612","8ed88f5532cfa62105f2c1ca5f8fe33ac3f95b17aa3f8f8ba24e9d1593c4dd1a","","","","datos DICOM externos"
"3-Pacientes/LDCT_temp/C095/1.000000-Full Dose Images-44048/1-125.dcm","526612","ef63ae831cdf0e46fc35d8b926dc82a09fec716d1fb150423be15b89837c558d","","","","datos DICOM externos"
"3-Pacientes/LDCT_temp/C095/1.000000-Full Dose Images-44048/1-126.dcm","526612","bab9e32606c06a096be8ac275e3eaf31397dcd50f3dad758603b0a5a08a4f7f0","","","","datos DICOM externos"
"3-Pacientes/LDCT_temp/C095/1.000000-Full Dose Images-44048/1-127.dcm","526612","9ed850610c5b1a8eb415e53f1a32e830c1127c9497f66f319f7e61bb2b7addd7","","","","datos DICOM externos"
"3-Pacientes/LDCT_temp/C095/1.000000-Full Dose Images-44048/1-128.dcm","526608","8891e7c2f4a86b00b9fbc0c74866f8eb807a3107d6b811a3e413fd606f4da5b4","","","","datos DICOM externos"
"3-Pacientes/LDCT_temp/C095/1.000000-Full Dose Images-44048/1-129.dcm","526612","4d2a42909e514b49fe4f3d6409a888dd1ee3cfbaec0fc3d40f1fc10b967fcff7","","","","datos DICOM externos"
"3-Pacientes/LDCT_temp/C095/1.000000-Full Dose Images-44048/1-130.dcm","526612","b597afd857908b2909b3d79d39073faa80638431c94dd3edd3a5c5dd12e4bc15","","","","datos DICOM externos"
"3-Pacientes/LDCT_temp/C095/1.000000-Full Dose Images-44048/1-131.dcm","526612","4c1f62fd41be213036d41fd4a7327d667a3354ae59951f7c77d80d030c9b2156","","","","datos DICOM externos"
"3-Pacientes/LDCT_temp/C095/1.000000-Full Dose Images-44048/1-132.dcm","526612","f9a3097a3d3bd7f51f67354819ee7043b6faeb27d4334a7a9a21e5aa7efcb682","","","","datos DICOM externos"
"3-Pacientes/LDCT_temp/C095/1.000000-Full Dose Images-44048/1-133.dcm","526612","164866fec1a3d78cedb92cfb5f1e7560d60dc83578d7aa43a290756a993de259","","","","datos DICOM externos"
"3-Pacientes/LDCT_temp/C095/1.000000-Full Dose Images-44048/1-134.dcm","526610","95cf16fd609363e34e7665c5d56ed5d6c2c753fde0cfd92e6cfff05ee6fc1856","","","","datos DICOM externos"
"3-Pacientes/LDCT_temp/C095/1.000000-Full Dose Images-44048/1-135.dcm","526610","638ba2288cba87ac402e2daece28e363ac5e2ccdc67a07c5bacce8b276eb859e","","","","datos DICOM externos"
"3-Pacientes/LDCT_temp/C095/1.000000-Full Dose Images-44048/1-136.dcm","526610","cf499ec3be089a7e41a6722d9e48cd0dbdb6ee20138a35a8b64f253d0dedea6f","","","","datos DICOM externos"
"3-Pacientes/LDCT_temp/C095/1.000000-Full Dose Images-44048/1-137.dcm","526610","4a0fc615ee1097b87bcffa311ca64e69b16df7e426a44004401190a2fa5d9283","","","","datos DICOM externos"
"3-Pacientes/LDCT_temp/C095/1.000000-Full Dose Images-44048/1-138.dcm","526610","e363e2f7a03f72cd431ebd3686b1ca4299d08870939dc44857125efd96bccd49","","","","datos DICOM externos"
"3-Pacientes/LDCT_temp/C095/1.000000-Full Dose Images-44048/1-139.dcm","526610","e3f01fe9c354b2baa691b635416b77c7cc2bbe979b534d8dd27c1897e3ebd7bd","","","","datos DICOM externos"
"3-Pacientes/LDCT_temp/C095/1.000000-Full Dose Images-44048/1-140.dcm","526610","af5bf8fc8d9f5debdaf55141bbcad64eee09104be0e1e83a7239ba774ebe6fe5","","","","datos DICOM externos"
"3-Pacientes/LDCT_temp/C095/1.000000-Full Dose Images-44048/1-141.dcm","526610","70ccd49fb5a6f9bd246280111e9cf52d22d268354f8906fd90df777521a9b69f","","","","datos DICOM externos"
"3-Pacientes/LDCT_temp/C095/1.000000-Full Dose Images-44048/1-142.dcm","526610","acf1df3e2a434de605069c24af97ef0ce0b0ad3c0a5af653b66886cba9e8bc02","","","","datos DICOM externos"
"3-Pacientes/LDCT_temp/C095/1.000000-Full Dose Images-44048/1-143.dcm","526610","b2326402161e0c3b1b9285632b2910df8bf40a5212c801644f49f741cd054dde","","","","datos DICOM externos"
"3-Pacientes/LDCT_temp/C095/1.000000-Full Dose Images-44048/1-144.dcm","526610","66fe3e29d7f4bd20751305969be5bd470eb191701eeeb9a48a7626907391fd3d","","","","datos DICOM externos"
"3-Pacientes/LDCT_temp/C095/1.000000-Full Dose Images-44048/1-145.dcm","526610","8ca70cd330bb2a1ff5d5e11c3f3dc0c07c5cd08155c55d14bf2c7890984c2bbb","","","","datos DICOM externos"
"3-Pacientes/LDCT_temp/C095/1.000000-Full Dose Images-44048/1-146.dcm","526610","c9ee232c152ee3e0b2c08f6a20973c8b1321c29b9e8b71984e20674e9d4c699a","","","","datos DICOM externos"
"3-Pacientes/LDCT_temp/C095/1.000000-Full Dose Images-44048/1-147.dcm","526610","ad3d68c9affedb1cc08d63bc64f92d03b85edc09008fd98a34e08a8274e6937e","","","","datos DICOM externos"
"3-Pacientes/LDCT_temp/C095/1.000000-Full Dose Images-44048/1-148.dcm","526610","503a1e0e70e5b8c3ae36ceb4402586738d468bbf2f703f7e3bfc6e9eb0ee2059","","","","datos DICOM externos"
"3-Pacientes/LDCT_temp/C095/1.000000-Full Dose Images-44048/1-149.dcm","526610","1d19d7675250e8531483f56567e6916503e7973111874fa5c1ee1878f90b9e0e","","","","datos DICOM externos"
"3-Pacientes/LDCT_temp/C095/1.000000-Full Dose Images-44048/1-150.dcm","526610","440ec0cc1dc97e7ee8071c4a40a101361085de8d58d5291af2fbb21748d8f1fd","","","","datos DICOM externos"
"3-Pacientes/LDCT_temp/C095/1.000000-Full Dose Images-44048/1-151.dcm","526610","653002c677c494be9c9b786d28b4b87ce55a170981662e74625b0bae416d70fd","","","","datos DICOM externos"
"3-Pacientes/LDCT_temp/C095/1.000000-Full Dose Images-44048/1-152.dcm","526610","2c116b5ce3a4b3ac158e605b6a07370a8bd6ac456c43968c3ec7bac44a450837","","","","datos DICOM externos"
"3-Pacientes/LDCT_temp/C095/1.000000-Full Dose Images-44048/1-153.dcm","526608","15a4fe1ba41daf29bdbc15e70f55801781886a5b2b34d2a9291990b0e00ac95b","","","","datos DICOM externos"
"3-Pacientes/LDCT_temp/C095/1.000000-Full Dose Images-44048/1-154.dcm","526610","3e6ae239dfd9f36f31e766bb756c08e4b1f104b671ba209aea1cfeb4f6d7bfa0","","","","datos DICOM externos"
"3-Pacientes/LDCT_temp/C095/1.000000-Full Dose Images-44048/1-155.dcm","526610","999e4a996bea95f70ce275423db2f9d75d0a7e173c3a62eaf87b7e9c28ee5f65","","","","datos DICOM externos"
"3-Pacientes/LDCT_temp/C095/1.000000-Full Dose Images-44048/1-156.dcm","526610","1651d7d2ff8c1c16b6d9e327ea5d821bd45cfd751bbe5608fa933b2f541002fb","","","","datos DICOM externos"
"3-Pacientes/LDCT_temp/C095/1.000000-Full Dose Images-44048/1-157.dcm","526610","732fb04f2446fccff5c25f01e174414b7ea337cdb0c90d0c194d0c8e290d534a","","","","datos DICOM externos"
"3-Pacientes/LDCT_temp/C095/1.000000-Full Dose Images-44048/1-158.dcm","526610","27af92bbb2a9e2c013e17b60da35b4de5d864918245752bb277b5a7660750abe","","","","datos DICOM externos"
"3-Pacientes/LDCT_temp/C095/1.000000-Full Dose Images-44048/1-159.dcm","526610","092a137c60e42cc113b2af73d127df5943d42f9ea379c53b1b158cf916d75596","","","","datos DICOM externos"
"3-Pacientes/LDCT_temp/C095/1.000000-Full Dose Images-44048/1-160.dcm","526610","cab4c618539428e8747628059dc2b896305bacb4f711e61c49d7ef11b4ae6918","","","","datos DICOM externos"
"3-Pacientes/LDCT_temp/C095/1.000000-Full Dose Images-44048/1-161.dcm","526610","e7809c83aea6c01d6f9546ec0bb56695ab1aedce6a97f370c9772a39402336fd","","","","datos DICOM externos"
"3-Pacientes/LDCT_temp/C095/1.000000-Full Dose Images-44048/1-162.dcm","526610","83f10d1bb7f97610cbc2bb1211c94079fb4b14ddd6de408d51142d0cf950e8fe","","","","datos DICOM externos"
"3-Pacientes/LDCT_temp/C095/1.000000-Full Dose Images-44048/1-163.dcm","526610","ed0430cb8896841ca0eb8f9340bf1d08a5696e55e5e3a1ff4b270033016e5a85","","","","datos DICOM externos"
"3-Pacientes/LDCT_temp/C095/1.000000-Full Dose Images-44048/1-164.dcm","526606","93b2723c8a565fb75c1f50c03f13c0d7b72b75b06000709ecc03581461f5bb0a","","","","datos DICOM externos"
"3-Pacientes/LDCT_temp/C095/1.000000-Full Dose Images-44048/1-165.dcm","526610","81650259ac8cbff797921dc1bdb669b389d48853d3bfa37f3dc526c1ec8dbb44","","","","datos DICOM externos"
"3-Pacientes/LDCT_temp/C095/1.000000-Full Dose Images-44048/1-166.dcm","526610","3f2ea9f9a9da2e3df423044ac3fc7989dd5c9b53b84538fab1c5d72c52d25863","","","","datos DICOM externos"
"3-Pacientes/LDCT_temp/C095/1.000000-Full Dose Images-44048/1-167.dcm","526610","43329f7cbbc50775b45b0a9dd2c2c1c054c8dfd68358d8798efac9183137699f","","","","datos DICOM externos"
"3-Pacientes/LDCT_temp/C095/1.000000-Full Dose Images-44048/1-168.dcm","526610","97a1f5a1c7819a71c3e4d5cb4f6c67a1064b7e5a6d9a5058a98cf3477316c716","","","","datos DICOM externos"
"3-Pacientes/LDCT_temp/C095/1.000000-Full Dose Images-44048/1-169.dcm","526610","e98d58be6e7aeeecbd4bdf9959defb9abb6068c7af4d7b0e7dce9818f09ef476","","","","datos DICOM externos"
"3-Pacientes/LDCT_temp/C095/1.000000-Full Dose Images-44048/1-170.dcm","526610","c28fcf26826f649790230902500acc26699e0b6552abf60109dbce1a9bdb79e8","","","","datos DICOM externos"
"3-Pacientes/LDCT_temp/C095/1.000000-Full Dose Images-44048/1-171.dcm","526610","f08ca6ca899a84e61145b29b8ec8925f5dcadcfd9d74db7b7f29083a34d13803","","","","datos DICOM externos"
"3-Pacientes/LDCT_temp/C095/1.000000-Full Dose Images-44048/1-172.dcm","526610","fb494234d17567ba8f755e8073b4b46753927891aa30aab0b5255e99135a375e","","","","datos DICOM externos"
"3-Pacientes/LDCT_temp/C095/1.000000-Full Dose Images-44048/1-173.dcm","526610","c469d78a741af910ad1d415756fb91b8b5d161335bf44f2bbd63da875c609bed","","","","datos DICOM externos"
"3-Pacientes/LDCT_temp/C095/1.000000-Full Dose Images-44048/1-174.dcm","526606","c22835c99a38a8a42ad2dc3f6dcf94529ff308d83cac0257c0d9993ee93e4b08","","","","datos DICOM externos"
"3-Pacientes/LDCT_temp/C095/1.000000-Full Dose Images-44048/1-175.dcm","526610","93306fbea182192559f8ffd758c6452ac3955117ee6c6238345245bfb198699a","","","","datos DICOM externos"
"3-Pacientes/LDCT_temp/C095/1.000000-Full Dose Images-44048/1-176.dcm","526610","8463a7abaa5e0cc23d01bf3f5cd9f108325acbc7b7327b59397bffc9dfcac023","","","","datos DICOM externos"
"3-Pacientes/LDCT_temp/C095/1.000000-Full Dose Images-44048/1-177.dcm","526610","2ff18bd5570dd547fb3db25b572c5045175483108590b90d89256fb6f457ab10","","","","datos DICOM externos"
"3-Pacientes/LDCT_temp/C095/1.000000-Full Dose Images-44048/1-178.dcm","526610","4e730d64e212a0a0beb6b4352cbf310e9255661622cf6a804bda6591036f1fbc","","","","datos DICOM externos"
"3-Pacientes/LDCT_temp/C095/1.000000-Full Dose Images-44048/1-179.dcm","526610","dcb4f01c7053f7132806047b40ffed5d358041970cc03b1b44d02b6c2be2a399","","","","datos DICOM externos"
"3-Pacientes/LDCT_temp/C095/1.000000-Full Dose Images-44048/1-180.dcm","526608","29ffbc70ae5c7fd7aef8e2db55262c39d6cad2a44e9230c3a17c15143d7bd012","","","","datos DICOM externos"
"3-Pacientes/LDCT_temp/C095/1.000000-Full Dose Images-44048/1-181.dcm","526610","9afe4925c29257dc3fc7073dceb1f926f38fa724e4c63fb4bee925fbd94794b7","","","","datos DICOM externos"
"3-Pacientes/LDCT_temp/C095/1.000000-Full Dose Images-44048/1-182.dcm","526610","d40e87e0ef7f3252e6386e91e74843c90f4c0207e6adaaf450de922a190f4ea0","","","","datos DICOM externos"
"3-Pacientes/LDCT_temp/C095/1.000000-Full Dose Images-44048/1-183.dcm","526610","81ad5ddc6933ebfbb4285a0ba4e2d6229e958e75af6969a15d36855d9716be9d","","","","datos DICOM externos"
"3-Pacientes/LDCT_temp/C095/1.000000-Full Dose Images-44048/1-184.dcm","526610","f56c5a7245577d811e950c957f227403fb2ce7904b618aafbf3d863e92fc3338","","","","datos DICOM externos"
"3-Pacientes/LDCT_temp/C095/1.000000-Full Dose Images-44048/1-185.dcm","526610","d61b3ca0ea9342ea492d0cd2b62de2377c49cb9fa62bced8876bfc54b4903ab2","","","","datos DICOM externos"
"3-Pacientes/LDCT_temp/C095/1.000000-Full Dose Images-44048/1-186.dcm","526610","a73916619b045886988e09b6855aa9285035e36e1aaa307087a434fb16395f4f","","","","datos DICOM externos"
"3-Pacientes/LDCT_temp/C095/1.000000-Full Dose Images-44048/1-187.dcm","526610","503120832544a8fd317e5ff52e2a55d30f7ae16d8732f318b5f0d294f513e401","","","","datos DICOM externos"
"3-Pacientes/LDCT_temp/C095/1.000000-Full Dose Images-44048/1-188.dcm","526610","4013c8942092a13c42990bc8a8f5d861aca12682648c87425ef845af4ebbddac","","","","datos DICOM externos"
"3-Pacientes/LDCT_temp/C095/1.000000-Full Dose Images-44048/1-189.dcm","526610","84b06c3691ce0caad54be3c4c50ccaec0575a6a046310bc86936819c526217c8","","","","datos DICOM externos"
"3-Pacientes/LDCT_temp/C095/1.000000-Full Dose Images-44048/1-190.dcm","526610","ced63c1cdc46e01dd4808be51ef0735d07de01650ad04a78b63a398c146d9768","","","","datos DICOM externos"
"3-Pacientes/LDCT_temp/C095/1.000000-Full Dose Images-44048/1-191.dcm","526610","cf8a90d4181c77605c4d3c8deef41269abcbf72bb27dc2687b00b2ff49f7115d","","","","datos DICOM externos"
"3-Pacientes/LDCT_temp/C095/1.000000-Full Dose Images-44048/1-192.dcm","526610","b3b639931fbcecf1bd317fe59ea59d3dc6777fb7a5f109521222520812090fdb","","","","datos DICOM externos"
"3-Pacientes/LDCT_temp/C095/1.000000-Full Dose Images-44048/1-193.dcm","526610","4b8e317031fec030985d5f297ebca292bce162fd91edb3a2d5fb7552b599786d","","","","datos DICOM externos"
"3-Pacientes/LDCT_temp/C095/1.000000-Full Dose Images-44048/1-194.dcm","526610","2f8eb969e4d84bd4871ad6906023fe73303e7e67c39aeee6d48f0d7cad202540","","","","datos DICOM externos"
"3-Pacientes/LDCT_temp/C095/1.000000-Full Dose Images-44048/1-195.dcm","526610","be25a556e1293e1e634553932d9cb46ce8a1cbeff522eb9ef3e64f6b4a8737e0","","","","datos DICOM externos"
"3-Pacientes/LDCT_temp/C095/1.000000-Full Dose Images-44048/1-196.dcm","526610","9f7a63fa47b97b3584a9e06ca439de556b15e8dc5fe8d666272af5ba9eff26ae","","","","datos DICOM externos"
"3-Pacientes/LDCT_temp/C095/1.000000-Full Dose Images-44048/1-197.dcm","526610","ef646f32c5b348f4197d7a1f2cd6231b32134d8e989add2cefc60526a60a298e","","","","datos DICOM externos"
"3-Pacientes/LDCT_temp/C095/1.000000-Full Dose Images-44048/1-198.dcm","526610","8b008d45b1b1ad1caa485d7d8507058479b848e5f2100407aea77fc1f7733070","","","","datos DICOM externos"
"3-Pacientes/LDCT_temp/C095/1.000000-Full Dose Images-44048/1-199.dcm","526610","41bda598021ee1c751fe101554babf3c78b4d8d659754253a8bff6037a2ddc64","","","","datos DICOM externos"
"3-Pacientes/LDCT_temp/C095/1.000000-Full Dose Images-44048/1-200.dcm","526610","93f3ac442a484b40e9d01401dfd685088c6d953c908e559cc95ce5cee7d3b7f0","","","","datos DICOM externos"
"3-Pacientes/LDCT_temp/C095/1.000000-Full Dose Images-44048/1-201.dcm","526610","0bf40a8fd581f2d57c505df8411b5f2454f43a034048f37c4aa57ee4eb6dbd4a","","","","datos DICOM externos"
"3-Pacientes/LDCT_temp/C095/1.000000-Full Dose Images-44048/1-202.dcm","526610","11aca5728ef1885040697b0536f3a12d82c3cca3092ee57c408c01f433093790","","","","datos DICOM externos"
"3-Pacientes/LDCT_temp/C095/1.000000-Full Dose Images-44048/1-203.dcm","526610","263c9b37fce3ef72fdfc1cfa013a7e75d595ffd1087d8f657201df4543909716","","","","datos DICOM externos"
"3-Pacientes/LDCT_temp/C095/1.000000-Full Dose Images-44048/1-204.dcm","526610","6e1297b4b00526012c7bdede344ea79ba1c2440a124d2c7a483375e5b1ce8172","","","","datos DICOM externos"
"3-Pacientes/LDCT_temp/C095/1.000000-Full Dose Images-44048/1-205.dcm","526610","acceed89ac3f6b4cf05db3c6b7ab9104137c394d34d541795b4aecfeaf8666e6","","","","datos DICOM externos"
"3-Pacientes/LDCT_temp/C095/1.000000-Full Dose Images-44048/1-206.dcm","526610","2db440303b1971eb4f5e5577d51ed1b93b407cb7440566a9a2a5d34a6999db7b","","","","datos DICOM externos"
"3-Pacientes/LDCT_temp/C095/1.000000-Full Dose Images-44048/1-207.dcm","526610","d8092ec018f25d011604a60c18c9512490c971084f51faae0c40968edd23c4c2","","","","datos DICOM externos"
"3-Pacientes/LDCT_temp/C095/1.000000-Full Dose Images-44048/1-208.dcm","526610","8debadf32d86ca5c9317771720d442e7315a7e89b20a3e957a77ab2838636d7d","","","","datos DICOM externos"
"3-Pacientes/LDCT_temp/C095/1.000000-Full Dose Images-44048/1-209.dcm","526610","e9e305986c21d77f1d08dfd0024ebaa19a5b11dfc411669201495588c6af2b9e","","","","datos DICOM externos"
"3-Pacientes/LDCT_temp/C095/1.000000-Full Dose Images-44048/1-210.dcm","526610","698dde48a3334790bd92e76d50a731391da211c02b9c8ac7715d851bf8685984","","","","datos DICOM externos"
"3-Pacientes/LDCT_temp/C095/1.000000-Full Dose Images-44048/1-211.dcm","526610","e3916078c4903a3d4125a0ca5b86b5eb199e7d9e9f4ec0d0a5944e204970c9db","","","","datos DICOM externos"
"3-Pacientes/LDCT_temp/C095/1.000000-Full Dose Images-44048/1-212.dcm","526610","d6de450904bf98cbb206f1c948f70600b7bda3aff6ff3d543089b0d71fefb20e","","","","datos DICOM externos"
"3-Pacientes/LDCT_temp/C095/1.000000-Full Dose Images-44048/1-213.dcm","526612","105bd647286c303b4a04f900224f691596dc5b9a98c118e0e939ea24cbfdbbc3","","","","datos DICOM externos"
"3-Pacientes/LDCT_temp/C095/1.000000-Full Dose Images-44048/1-214.dcm","526612","fc8115384e53bd53fcc92d2737b1b8c6d943460befc0c23e916b1ded1fa02dd3","","","","datos DICOM externos"
"3-Pacientes/LDCT_temp/C095/1.000000-Full Dose Images-44048/1-215.dcm","526612","2f4fb207f3ee88b0cc3a6b5cdc0482600b16d5806f1a0cd458d8d10c6c7a52fa","","","","datos DICOM externos"
"3-Pacientes/LDCT_temp/C095/1.000000-Full Dose Images-44048/1-216.dcm","526612","5b5461087f3e3849b28d428cfdd9e585106c0f10a3a2c6cf81062e15d1f1822b","","","","datos DICOM externos"
"3-Pacientes/LDCT_temp/C095/1.000000-Full Dose Images-44048/1-217.dcm","526612","77dd8caf5d54cbf06cf98c6a20c143fd0f66ca64ed0a4abf5545ee8ffae6929f","","","","datos DICOM externos"
"3-Pacientes/LDCT_temp/C095/1.000000-Full Dose Images-44048/1-218.dcm","526612","0270711e506ebea8046767d2bae4aab9eea8c2495c1bb82fc7ad7d1acffc7e48","","","","datos DICOM externos"
"3-Pacientes/LDCT_temp/C095/1.000000-Full Dose Images-44048/1-219.dcm","526612","00c362f144c08cc3eb6a64aa969886d69662bdafeb0066a596e814af4a0d4700","","","","datos DICOM externos"
"3-Pacientes/LDCT_temp/C095/1.000000-Full Dose Images-44048/1-220.dcm","526612","b662885338322f6b012895f8f7f7895630d13f5f08e2de84705fec3223753bfe","","","","datos DICOM externos"
"3-Pacientes/LDCT_temp/C095/1.000000-Full Dose Images-44048/1-221.dcm","526612","9a65edcbbe8fa377f4ebd17d48956924dc121da37508dccd23b980c9ca680a1d","","","","datos DICOM externos"
"3-Pacientes/LDCT_temp/C095/1.000000-Full Dose Images-44048/1-222.dcm","526612","a9849fbd1aa48015630305bcef245d04d4817ef352c3f265ffbb050ef5b2c0f1","","","","datos DICOM externos"
"3-Pacientes/LDCT_temp/C095/1.000000-Full Dose Images-44048/1-223.dcm","526612","0d16923b2be84a75cd7a9b451f59aa2235e3fe466d923a443e3fc7bed330dc5f","","","","datos DICOM externos"
"3-Pacientes/LDCT_temp/C095/1.000000-Full Dose Images-44048/1-224.dcm","526612","22ddf16aa422d8f1ec431a1dc6ffaea344dc9fd5f424f27786dc3541e71cb4c6","","","","datos DICOM externos"
"3-Pacientes/LDCT_temp/C095/1.000000-Full Dose Images-44048/1-225.dcm","526612","89110cd455ef87d91397dc7dd43ddf34be7ed3e1607c92a88582838054f2cdda","","","","datos DICOM externos"
"3-Pacientes/LDCT_temp/C095/1.000000-Full Dose Images-44048/1-226.dcm","526612","71c1107f450f62257d87938c4a39429f62f3522eb8c3fd82045e5c12acf218c9","","","","datos DICOM externos"
"3-Pacientes/LDCT_temp/C095/1.000000-Full Dose Images-44048/1-227.dcm","526608","2b365d7718327d7a854d1c67c5723a282df7884b10f7c7d21e56a5756dfb0d8f","","","","datos DICOM externos"
"3-Pacientes/LDCT_temp/C095/1.000000-Full Dose Images-44048/1-228.dcm","526612","678df4345eda045c1f6c82e14a80db34eeb00e11d81887317f58da9d59936ed0","","","","datos DICOM externos"
"3-Pacientes/LDCT_temp/C095/1.000000-Full Dose Images-44048/1-229.dcm","526612","e72f442218a67f92a2caf3d54901ca7b93b5681cffa8a33f4e9a5b2f084ef684","","","","datos DICOM externos"
"3-Pacientes/LDCT_temp/C095/1.000000-Full Dose Images-44048/1-230.dcm","526612","cc64d2a9f88c8cff0665c292d3b0068507373b54ee1064d680ff6e1a29d1765e","","","","datos DICOM externos"
"3-Pacientes/LDCT_temp/C095/1.000000-Full Dose Images-44048/1-231.dcm","526612","8ff6defd5a6f624c31f8d20a567a43065ce9a0cba3b0f5182c657da1a240d281","","","","datos DICOM externos"
"3-Pacientes/LDCT_temp/C095/1.000000-Full Dose Images-44048/1-232.dcm","526612","401f221f14f60f5e22b7af4c9de281e98db761ca4705052fe9b5f5cca61a89a4","","","","datos DICOM externos"
"3-Pacientes/LDCT_temp/C095/1.000000-Full Dose Images-44048/1-233.dcm","526612","c56c545ce39a73285b0a421edf9f77281a156d3ef153f243f6d79b1fae4830e4","","","","datos DICOM externos"
"3-Pacientes/LDCT_temp/C095/1.000000-Full Dose Images-44048/1-234.dcm","526612","68fea7c127aabfe1330cf097c68d471702528680810f70f795f9dbfc7d354dd8","","","","datos DICOM externos"
"3-Pacientes/LDCT_temp/C095/1.000000-Full Dose Images-44048/1-235.dcm","526612","7e94efa53d0013178235c065ebc1f38c1d5c07897f0444884ec6a282cf15e6de","","","","datos DICOM externos"
"3-Pacientes/LDCT_temp/C095/1.000000-Full Dose Images-44048/1-236.dcm","526612","05161bf4340714ab6300675e445a700a55fb1c08483f0639ab9ed06dbade90ed","","","","datos DICOM externos"
"3-Pacientes/LDCT_temp/C095/1.000000-Full Dose Images-44048/1-237.dcm","526612","1696d3b2d03c8e923035053d07db2ebfb7ad9f077691c6faea8a8aeb1fb1bd39","","","","datos DICOM externos"
"3-Pacientes/LDCT_temp/C095/1.000000-Full Dose Images-44048/1-238.dcm","526612","5cc729e02a2968d4f07ef90581486a9db438182b28e291ff9f37ff824fc8f410","","","","datos DICOM externos"
"3-Pacientes/LDCT_temp/C095/1.000000-Full Dose Images-44048/1-239.dcm","526612","c9c739f864ab7ef2bae63f2e31866e5043d863506769f848838495fd94bdd8c4","","","","datos DICOM externos"
"3-Pacientes/LDCT_temp/C095/1.000000-Full Dose Images-44048/1-240.dcm","526612","9c0091f59212d1e6fb93eb2803dbe362496b1dc31c570e2a21126112c1d6f936","","","","datos DICOM externos"
"3-Pacientes/LDCT_temp/C095/1.000000-Full Dose Images-44048/1-241.dcm","526612","3708dc2b193944e5472efffca8c6a639a346674bff866b756fbbd06d89e387a1","","","","datos DICOM externos"
"3-Pacientes/LDCT_temp/C095/1.000000-Full Dose Images-44048/1-242.dcm","526612","c2d84dc9a836c29f25a01febd76609f9885a0efed8d061a943ba073702bf44c0","","","","datos DICOM externos"
"3-Pacientes/LDCT_temp/C095/1.000000-Full Dose Images-44048/1-243.dcm","526612","5adc5ae7745519f3fecca81720f231472925bfbe3a9daa79317a691b0bf41d55","","","","datos DICOM externos"
"3-Pacientes/LDCT_temp/C095/1.000000-Full Dose Images-44048/1-244.dcm","526612","d437ad43a001ac4f8a6790f4cde6af2be8e79e9da89d8767a3336b2879ea6935","","","","datos DICOM externos"
"3-Pacientes/LDCT_temp/C095/1.000000-Full Dose Images-44048/1-245.dcm","526612","21ccb4f4fbf79735850e2aa7fdd374bcad881703a27a71b9381dd8b61d634327","","","","datos DICOM externos"
"3-Pacientes/LDCT_temp/C095/1.000000-Full Dose Images-44048/1-246.dcm","526612","34c83502a396c0f820a63ee1dcbf31c1c3a3ef8b0c5ae57aa32f10d9ef63dab8","","","","datos DICOM externos"
"3-Pacientes/LDCT_temp/C095/1.000000-Full Dose Images-44048/1-247.dcm","526612","37f24d3c72507d56584374fc88d5ca700565fb58ec71e8a792363d6550a2e8c6","","","","datos DICOM externos"
"3-Pacientes/LDCT_temp/C095/1.000000-Full Dose Images-44048/1-248.dcm","526612","8da9aaf98921e043d5bffe2fefd2f27e2d98a07ffcd5df0dd7354be6d64b9ddf","","","","datos DICOM externos"
"3-Pacientes/LDCT_temp/C095/1.000000-Full Dose Images-44048/1-249.dcm","526612","fba3f9acd1070058babd839a90c71344dadd53cab97d5bbec556800e81ccb365","","","","datos DICOM externos"
"3-Pacientes/LDCT_temp/C095/1.000000-Full Dose Images-44048/1-250.dcm","526612","86196a8ae87a0860c327542c47dfe756781f3b9346438c0a364e1fa54fa34013","","","","datos DICOM externos"
"3-Pacientes/LDCT_temp/C095/1.000000-Full Dose Images-44048/1-251.dcm","526612","c8783c10c1fe88b76b816a8467273a292f85c6916afd9f5ca1ebd9f72cac600f","","","","datos DICOM externos"
"3-Pacientes/LDCT_temp/C095/1.000000-Full Dose Images-44048/1-252.dcm","526612","24b6ea6ccc7f38e2f68f8a77b6044f0c1515a8d46ac3d45e226fc76a5971db73","","","","datos DICOM externos"
"3-Pacientes/LDCT_temp/C095/1.000000-Full Dose Images-44048/1-253.dcm","526612","4c2e7efc6f6a328c1cfb4316eb36358613d3ce0e663195b14dd535bbb430c7e0","","","","datos DICOM externos"
"3-Pacientes/LDCT_temp/C095/1.000000-Full Dose Images-44048/1-254.dcm","526612","162a9f4cbe65d414a49fd2de2d954dc50c7d545ea986d0a436072a8ee773302f","","","","datos DICOM externos"
"3-Pacientes/LDCT_temp/C095/1.000000-Full Dose Images-44048/1-255.dcm","526610","e76c8f2b425c9dd406e97cdfa57fd5d2fd33d2632845e4a210a86bb6aea9c029","","","","datos DICOM externos"
"3-Pacientes/LDCT_temp/C095/1.000000-Full Dose Images-44048/1-256.dcm","526612","76db731b96b2934bcfb46bbae19cb141b834f9789664ea7b01c576a1842a5b4b","","","","datos DICOM externos"
"3-Pacientes/LDCT_temp/C095/1.000000-Full Dose Images-44048/1-257.dcm","526612","8cbbd03544b0a86f9a8c3b140abeb0b9b29e62bb5e1d3d93bfd383245fb16018","","","","datos DICOM externos"
"3-Pacientes/LDCT_temp/C095/1.000000-Full Dose Images-44048/1-258.dcm","526612","ad0c11c7ef0bd74f35cb11f8ac307c6488ccd22099b9549de2dac62660dd48df","","","","datos DICOM externos"
"3-Pacientes/LDCT_temp/C095/1.000000-Full Dose Images-44048/1-259.dcm","526612","ca75e592b3ff1d70b6aaf7761e776c727cbf92c2256441f2b85f5a9acb6055f4","","","","datos DICOM externos"
"3-Pacientes/LDCT_temp/C095/1.000000-Full Dose Images-44048/1-260.dcm","526612","ed42a8c095ddd92785d9555e826d160c4cf0744a0b1884b0b61c469aeb23e9e4","","","","datos DICOM externos"
"3-Pacientes/LDCT_temp/C095/1.000000-Full Dose Images-44048/1-261.dcm","526612","be7d53979806f7729da072a4da5218daa887cd0bf3091f242fe521c653065730","","","","datos DICOM externos"
"3-Pacientes/LDCT_temp/C095/1.000000-Full Dose Images-44048/1-262.dcm","526612","e0168231493cd478be95c1f3048be84df9e02efb821f7bca6f8961c35bfaae6f","","","","datos DICOM externos"
"3-Pacientes/LDCT_temp/C095/1.000000-Full Dose Images-44048/1-263.dcm","526612","2d49347f2f8ff04710896821808097a6ea0e1bf3095baf8e83199e9158246541","","","","datos DICOM externos"
"3-Pacientes/LDCT_temp/C095/1.000000-Full Dose Images-44048/1-264.dcm","526612","6796dc579d642c3717d04260ebeb3d2a4f9a069bdf76b6c67b372e1864f11377","","","","datos DICOM externos"
"3-Pacientes/LDCT_temp/C095/1.000000-Full Dose Images-44048/1-265.dcm","526612","15bc37417fe3230cec09901640c607e5af6d668c70fc32951549a7a5b13326f0","","","","datos DICOM externos"
"3-Pacientes/LDCT_temp/C095/1.000000-Full Dose Images-44048/1-266.dcm","526612","6a54221dc495304b1cf888809dd5a7aaf87e3cb4e32c9e63bd3f6db560540a96","","","","datos DICOM externos"
"3-Pacientes/LDCT_temp/C095/1.000000-Full Dose Images-44048/1-267.dcm","526612","b173d15f2779fbcf71209c638f4a0d314a8207b9f5e1d598e10a391722363d4e","","","","datos DICOM externos"
"3-Pacientes/LDCT_temp/C095/1.000000-Full Dose Images-44048/1-268.dcm","526612","ec248bc6296661f46bfde9074a979f7794e878a126525c938f05ce823c437359","","","","datos DICOM externos"
"3-Pacientes/LDCT_temp/C095/1.000000-Full Dose Images-44048/1-269.dcm","526612","2a6fcd859718b0c6305b10a967f7088f25a8653867e47718d0c1899d825ba175","","","","datos DICOM externos"
"3-Pacientes/LDCT_temp/C095/1.000000-Full Dose Images-44048/1-270.dcm","526612","755fc28e8263d2b3c421a8d7fe15f8d7904239680c029679c6c88136f5dd8c77","","","","datos DICOM externos"
"3-Pacientes/LDCT_temp/C095/1.000000-Full Dose Images-44048/1-271.dcm","526612","4d87ce36ae8ac8cc94e589f46a2263afafb2dcc15f5aa569a4295d1f083cd6d1","","","","datos DICOM externos"
"3-Pacientes/LDCT_temp/C095/1.000000-Full Dose Images-44048/1-272.dcm","526612","19b5a6e04f22e77d3fb86e42b1d6216039879af888cf0ee2d3d296ae1f52b23d","","","","datos DICOM externos"
"3-Pacientes/LDCT_temp/C095/1.000000-Full Dose Images-44048/1-273.dcm","526610","8f52d911e44a849fb2da004e796542c24c4cd8bc1d1d1b0eda8bbbd439d30cde","","","","datos DICOM externos"
"3-Pacientes/LDCT_temp/C095/1.000000-Full Dose Images-44048/1-274.dcm","526612","7cefb4fae6a463e8c4d367a42c68276377c8c749caa66e40c5ec423a29d36d42","","","","datos DICOM externos"
"3-Pacientes/LDCT_temp/C095/1.000000-Full Dose Images-44048/1-275.dcm","526612","3c14ec4ef51f5e59e365c22fcf7f4c6b5179d08b5f68e8636fec190fb599aca6","","","","datos DICOM externos"
"3-Pacientes/LDCT_temp/C095/1.000000-Full Dose Images-44048/1-276.dcm","526612","5a730bf9c0874213f7b238a32f73faeb5b743e1a0aaf97bd88ced2a12a24464e","","","","datos DICOM externos"
"3-Pacientes/LDCT_temp/C095/1.000000-Full Dose Images-44048/1-277.dcm","526612","a2d1a9c0e94806e7ff730061a241579b5f98f3077383d4d994ae7408c64aa40c","","","","datos DICOM externos"
"3-Pacientes/LDCT_temp/C095/1.000000-Full Dose Images-44048/1-278.dcm","526612","5a2f30641e41686eaf48d39e90d723b0d861e87e0c1fc4b191a45b21fb41b6bb","","","","datos DICOM externos"
"3-Pacientes/LDCT_temp/C095/1.000000-Full Dose Images-44048/1-279.dcm","526612","e84d455b78762009b07e92460e6f444ec7142fc5a1e1e4e69d7cffd4afc964e1","","","","datos DICOM externos"
"3-Pacientes/LDCT_temp/C095/1.000000-Full Dose Images-44048/1-280.dcm","526612","1563e5177e3af2900ec71f99fb2ebfde3729fdba6c206cc40cc2e7d41931b336","","","","datos DICOM externos"
"3-Pacientes/LDCT_temp/C095/1.000000-Full Dose Images-44048/1-281.dcm","526612","5cda636030c36a7b8f13e59721abd9b26e52424b9c85bd325327d0b343f1f460","","","","datos DICOM externos"
"3-Pacientes/LDCT_temp/C095/1.000000-Full Dose Images-44048/1-282.dcm","526612","b4ab0a6a1f06368be044560ca90fd9c8cc06d03375dac88d7ce6e515b96f5f66","","","","datos DICOM externos"
"3-Pacientes/LDCT_temp/C095/1.000000-Full Dose Images-44048/1-283.dcm","526612","d30d1146fe04b10b77feaf0c7ae3b9895fe40401a9bc0a3b3a68d9167ec2bc01","","","","datos DICOM externos"
"3-Pacientes/LDCT_temp/C095/1.000000-Full Dose Images-44048/1-284.dcm","526608","977582d3f87747c198e865bbc956727e4de49ee1bf78c0a743c1a9c67ef8f792","","","","datos DICOM externos"
"3-Pacientes/LDCT_temp/C095/1.000000-Full Dose Images-44048/1-285.dcm","526612","23a72c96dd3eeb4431a6695507b020ef05fcc265c71429a84f374f060d315de5","","","","datos DICOM externos"
"3-Pacientes/LDCT_temp/C095/1.000000-Full Dose Images-44048/1-286.dcm","526612","7340222c7a26e06cc3a5f0090ad490cd947717c776e24813eef94cc13a58ff74","","","","datos DICOM externos"
"3-Pacientes/LDCT_temp/C095/1.000000-Full Dose Images-44048/1-287.dcm","526612","3adfedaa7580ff5098626362add536123ac9215a28a91808e6a234f4abc785dd","","","","datos DICOM externos"
"3-Pacientes/LDCT_temp/C095/1.000000-Full Dose Images-44048/1-288.dcm","526612","f055edec4912ca5cd4d50ce80b04387cd5bb7ed858fc183367be03e50ab7cca4","","","","datos DICOM externos"
"3-Pacientes/LDCT_temp/C095/1.000000-Full Dose Images-44048/1-289.dcm","526612","6cd71ab08df13068cc34e11c5e62327f9f04a87ebb2b44ccaf2e85af4f1e2bcd","","","","datos DICOM externos"
"3-Pacientes/LDCT_temp/C095/1.000000-Full Dose Images-44048/1-290.dcm","526610","0e91b1846747f8e9b6df01d155116cdcc60eabfc55b09bae2d92c53a3eecaa0a","","","","datos DICOM externos"
"3-Pacientes/LDCT_temp/C095/1.000000-Full Dose Images-44048/1-291.dcm","526612","0fc754ff2da588a9a14d96a453bdd9c29cfc857cc008cc91d588c5b4331f9196","","","","datos DICOM externos"
"3-Pacientes/LDCT_temp/C095/1.000000-Full Dose Images-44048/1-292.dcm","526612","c0d41ca0d83eb82754846cd00909fdfe486439ea54cb935af4a9238320043a82","","","","datos DICOM externos"
"3-Pacientes/LDCT_temp/C095/1.000000-Full Dose Images-44048/1-293.dcm","526612","3be57401785dffccd7c256c7cad2fade7500a68f94bbe37ca5e7409f39ad6f5e","","","","datos DICOM externos"
"3-Pacientes/LDCT_temp/C095/1.000000-Full Dose Images-44048/1-294.dcm","526612","95efe7f7762ca68951ae60a78519b2c59c7cd7778b4cf0bdacdc296227df51f5","","","","datos DICOM externos"
"3-Pacientes/LDCT_temp/C095/1.000000-Full Dose Images-44048/1-295.dcm","526612","218c0661ea0788de7aad680277a570ffb523fbbfa5265ab0101db55bd3e9e2cf","","","","datos DICOM externos"
"3-Pacientes/LDCT_temp/C095/1.000000-Full Dose Images-44048/1-296.dcm","526612","51699508ec4b824f797bd22079c0bd332e51697870cc9c2af1dbc48c45686568","","","","datos DICOM externos"
"3-Pacientes/LDCT_temp/C095/1.000000-Full Dose Images-44048/1-297.dcm","526612","3dcb2205aff02de486eec8445fbfa34054ae96f8dfe340b0101a5be37569517d","","","","datos DICOM externos"
"3-Pacientes/LDCT_temp/C095/1.000000-Full Dose Images-44048/1-298.dcm","526612","e1ab041760c42cb69bc6149d787f21abc0531a2ab8a682366becad4788486c19","","","","datos DICOM externos"
"3-Pacientes/LDCT_temp/C095/1.000000-Full Dose Images-44048/1-299.dcm","526612","62cd97accec845685618a3b909c79c08591d9daedf2ea523703403cee9a74a15","","","","datos DICOM externos"
"3-Pacientes/LDCT_temp/C095/1.000000-Full Dose Images-44048/1-300.dcm","526612","64976589cd140d28fa01d41db09f41eed399625cbf0f01362d960cbc5ba11b3f","","","","datos DICOM externos"
"3-Pacientes/LDCT_temp/C095/1.000000-Full Dose Images-44048/1-301.dcm","526612","935c02232b8a458b5533c1adad47f4bd22acedccf6149b571367d6127e3839ae","","","","datos DICOM externos"
"3-Pacientes/LDCT_temp/C095/1.000000-Full Dose Images-44048/1-302.dcm","526612","ab2bd1f0e96a24f75ebe1258028655b28feca6238ff52a1063da4db6eb09de67","","","","datos DICOM externos"
"3-Pacientes/LDCT_temp/C095/1.000000-Full Dose Images-44048/1-303.dcm","526612","1fd6df1214b83da853f7426ba45d444c9e8d5f66071d366f50149ff66af563a3","","","","datos DICOM externos"
"3-Pacientes/LDCT_temp/C095/1.000000-Full Dose Images-44048/1-304.dcm","526612","01c3d32c39ea426f022cf65e771ac65cc61d6caad2f595fa1e714e1587bc4080","","","","datos DICOM externos"
"3-Pacientes/LDCT_temp/C095/1.000000-Full Dose Images-44048/1-305.dcm","526612","28f70b3e11f6e80ce77f2923e2dd1cb414d67cb6dde6fa2a61674a50c411180f","","","","datos DICOM externos"
"3-Pacientes/LDCT_temp/C095/1.000000-Full Dose Images-44048/1-306.dcm","526612","165cdaf2090343b7d11efa548e13c47299aefa41982ccf9a69066f4adc5e6424","","","","datos DICOM externos"
"3-Pacientes/LDCT_temp/C095/1.000000-Full Dose Images-44048/1-307.dcm","526612","daf5bef3d974a847e3cd91d5d474a463839db32a25ad2e7a508a42f4acfab61d","","","","datos DICOM externos"
"3-Pacientes/LDCT_temp/C095/1.000000-Full Dose Images-44048/1-308.dcm","526612","3bc67daec0cc20dda4be1a0012645356e6ae597e858d210f30ea0c4047673734","","","","datos DICOM externos"
"3-Pacientes/LDCT_temp/C095/1.000000-Full Dose Images-44048/1-309.dcm","526612","6d5489ca431081607769ae2cbc976081baacfed5125d559daac96fdc77b6137c","","","","datos DICOM externos"
"3-Pacientes/LDCT_temp/C095/1.000000-Full Dose Images-44048/1-310.dcm","526612","76d5796ce9573a51934bf97496fc623e253d4e920e00ba8dfd44ba98d919889b","","","","datos DICOM externos"
"3-Pacientes/LDCT_temp/C095/1.000000-Full Dose Images-44048/1-311.dcm","526612","0777e76b78ace22fbe7cb8b8ed088b0b3e2c4673ebca5a018e9ccce82534c8e4","","","","datos DICOM externos"
"3-Pacientes/LDCT_temp/C095/1.000000-Full Dose Images-44048/1-312.dcm","526612","0680f625f41ebe7fd1a5778050be1302ef3dc6ad4cf4a43eeff81542d010c3d2","","","","datos DICOM externos"
"3-Pacientes/LDCT_temp/C095/1.000000-Full Dose Images-44048/1-313.dcm","526612","4004ae69ad5128ad276715247e2293a0b9c12a322f657febc2fdaf4284a8c12b","","","","datos DICOM externos"
"3-Pacientes/LDCT_temp/C095/1.000000-Full Dose Images-44048/1-314.dcm","526612","829779e06d96f9ca145b01739a244f5d79bd503872331d77418a6e133778d1e9","","","","datos DICOM externos"
"3-Pacientes/LDCT_temp/C095/1.000000-Full Dose Images-44048/1-315.dcm","526612","74bc3518f78b26a0afa683dc71cb2a2e9a1e507cf266dc847947ec3e933e65de","","","","datos DICOM externos"
"3-Pacientes/LDCT_temp/C095/1.000000-Full Dose Images-44048/1-316.dcm","526612","8788bedb0f15674c45d1ad2ecd6999181eff3c5a5c28d6313aba0bfe741cefcf","","","","datos DICOM externos"
"3-Pacientes/LDCT_temp/C095/1.000000-Full Dose Images-44048/1-317.dcm","526612","69c55be14cbb64c8e0af02430eebc29ac46b086dc237a90aa772626fba8e845e","","","","datos DICOM externos"
"3-Pacientes/LDCT_temp/C095/1.000000-Full Dose Images-44048/1-318.dcm","526612","b2ccf577a612de1d8730e5ba2c1aff5ba5355cd97348ce0ba47e05ee86bf7056","","","","datos DICOM externos"
"3-Pacientes/LDCT_temp/C095/1.000000-Full Dose Images-44048/1-319.dcm","526612","ddf0fa7cc5d296aabe733c4ff4452ea1d60014434766ce851bd3f21f758528c7","","","","datos DICOM externos"
"3-Pacientes/LDCT_temp/C095/1.000000-Full Dose Images-44048/1-320.dcm","526612","b88955eb6d3783b45ad775a672fdfed0bc29c6a4588f59ae8a4381c0ebcde15e","","","","datos DICOM externos"
"3-Pacientes/LDCT_temp/C095/1.000000-Full Dose Images-44048/1-321.dcm","526612","ccf91d7bcd30ec5be2a7383e91a1298f6ec8e276d8460d909b8888a436ddc991","","","","datos DICOM externos"
"3-Pacientes/LDCT_temp/C095/1.000000-Full Dose Images-44048/1-322.dcm","526612","a3397cf360e204efc05d0f519c1414830164166d4dbc66c9d90eebc28a0ae521","","","","datos DICOM externos"
"3-Pacientes/LDCT_temp/C095/1.000000-Low Dose Images-40418/1-001.dcm","526608","96183d1dfd0ddbab2a440805ebbfb217e7574bfa770cb3d8f7e63e65cbf4e9c6","","","","datos DICOM externos"
"3-Pacientes/LDCT_temp/C095/1.000000-Low Dose Images-40418/1-002.dcm","526610","53d216c8ebaed4150fbe8c9a9a9f68c3f743832ce6c58bbce2bf9be11234f2f4","","","","datos DICOM externos"
"3-Pacientes/LDCT_temp/C095/1.000000-Low Dose Images-40418/1-003.dcm","526610","da2fb255bd4593994d4b103d5aae8444fae2ede2ac04d977a1ef4f884b21830f","","","","datos DICOM externos"
"3-Pacientes/LDCT_temp/C095/1.000000-Low Dose Images-40418/1-004.dcm","526610","cbe6301259f41532106a2cf93b5ec9e625d9a92b981d24ddeb339622a0146b5b","","","","datos DICOM externos"
"3-Pacientes/LDCT_temp/C095/1.000000-Low Dose Images-40418/1-005.dcm","526610","67ea6253ebd4838e699cff7e7c18de807f0cd9dcccf8a9107ee7aa2087e86078","","","","datos DICOM externos"
"3-Pacientes/LDCT_temp/C095/1.000000-Low Dose Images-40418/1-006.dcm","526610","790d27a2693502c657535e15901c0b9350753233fdb7438cbc31f05d918e9101","","","","datos DICOM externos"
"3-Pacientes/LDCT_temp/C095/1.000000-Low Dose Images-40418/1-007.dcm","526610","1fe8d8e24f12aa61a217902a95d35e01595f9681abef7d4365ebfc8e38ac0b31","","","","datos DICOM externos"
"3-Pacientes/LDCT_temp/C095/1.000000-Low Dose Images-40418/1-008.dcm","526610","5d6373febd276e475881dd7b794665e01a5ef73dd6f827e97e103fbcaf8529f4","","","","datos DICOM externos"
"3-Pacientes/LDCT_temp/C095/1.000000-Low Dose Images-40418/1-009.dcm","526610","1390cc5d17e14279c3426f7bfb9b16ffacd6b1eaba0d5f2812f29d33bdce494b","","","","datos DICOM externos"
"3-Pacientes/LDCT_temp/C095/1.000000-Low Dose Images-40418/1-010.dcm","526610","9da8c1c2be9886ddf7fe57afb77461cfbdae8e9f33040d47da24c5b13ebb436a","","","","datos DICOM externos"
"3-Pacientes/LDCT_temp/C095/1.000000-Low Dose Images-40418/1-011.dcm","526610","c63dec8b475891ea4a8b773d7fed0d82d002ec3852e273f9a2b3b0e7207bde76","","","","datos DICOM externos"
"3-Pacientes/LDCT_temp/C095/1.000000-Low Dose Images-40418/1-012.dcm","526610","20c52e82288301b3ee2779321088edd9c41343b9bf6b1c346662cd3346709c8e","","","","datos DICOM externos"
"3-Pacientes/LDCT_temp/C095/1.000000-Low Dose Images-40418/1-013.dcm","526610","f0a4f92fd70c9be04d53fbaf6afd7f1f36c2fc42fa68d8f5462cf670fbf605bd","","","","datos DICOM externos"
"3-Pacientes/LDCT_temp/C095/1.000000-Low Dose Images-40418/1-014.dcm","526606","adb2dac64f7a73996605290479a6995eaeda438d56219fa4f3d819277f6d4019","","","","datos DICOM externos"
"3-Pacientes/LDCT_temp/C095/1.000000-Low Dose Images-40418/1-015.dcm","526610","a07965f686f8ca4a2a0ddc33626342543aac430d37e5fb1cff1621636cfcad59","","","","datos DICOM externos"
"3-Pacientes/LDCT_temp/C095/1.000000-Low Dose Images-40418/1-016.dcm","526610","2d6ee5a2d91eb9106d47f24e3e6e39c130a759dca99f34acaee75774f51b5fd5","","","","datos DICOM externos"
"3-Pacientes/LDCT_temp/C095/1.000000-Low Dose Images-40418/1-017.dcm","526610","77096f05ce6387918d2b247fd8de202ca2c14cbaff12a94eb860ae6a59936c6e","","","","datos DICOM externos"
"3-Pacientes/LDCT_temp/C095/1.000000-Low Dose Images-40418/1-018.dcm","526610","a18726e66e118f6138520423faf50cfbf9175c59c06aa180f1c15f72ec4f145c","","","","datos DICOM externos"
"3-Pacientes/LDCT_temp/C095/1.000000-Low Dose Images-40418/1-019.dcm","526610","8e4ae472188d9685739e57b7432f58a4618341e934c458f335a1ee72f69e941c","","","","datos DICOM externos"
"3-Pacientes/LDCT_temp/C095/1.000000-Low Dose Images-40418/1-020.dcm","526610","f7c1cca0c2b6c90f6fccf83307377bad989a0e378e3b64ccb8ff55abc3e4edc0","","","","datos DICOM externos"
"3-Pacientes/LDCT_temp/C095/1.000000-Low Dose Images-40418/1-021.dcm","526610","a0e80ed5c0afdb79d40ae31e0bc1ae98387df2fbe02ab89531cc37eef28286b1","","","","datos DICOM externos"
"3-Pacientes/LDCT_temp/C095/1.000000-Low Dose Images-40418/1-022.dcm","526610","36db7d3a98d9d66584de4e349ceb6ae4d89d111931b88ce69e191d3fa81f5da0","","","","datos DICOM externos"
"3-Pacientes/LDCT_temp/C095/1.000000-Low Dose Images-40418/1-023.dcm","526610","f735e06d35e775a60d1d5f30f70011a2587731fc3373546f14a6557164659f7c","","","","datos DICOM externos"
"3-Pacientes/LDCT_temp/C095/1.000000-Low Dose Images-40418/1-024.dcm","526610","ad534530f6f134c0015a33633a8654dc7f626750701d1367ff9950a822c21949","","","","datos DICOM externos"
"3-Pacientes/LDCT_temp/C095/1.000000-Low Dose Images-40418/1-025.dcm","526610","0933ec61d1477303f65b4f4d42d37ae175e432018d1577448db08aa8862e5f5e","","","","datos DICOM externos"
"3-Pacientes/LDCT_temp/C095/1.000000-Low Dose Images-40418/1-026.dcm","526610","1c5e318826dd1ddd36b33696dfb1088c7733115bda5f0eb05b55c3d090fecc2b","","","","datos DICOM externos"
"3-Pacientes/LDCT_temp/C095/1.000000-Low Dose Images-40418/1-027.dcm","526610","0c83a5e353b6c739424ee546a5c5ee0c3db027e2a850bc35cb9f3570cfcbbe28","","","","datos DICOM externos"
"3-Pacientes/LDCT_temp/C095/1.000000-Low Dose Images-40418/1-028.dcm","526610","9170b06b6a705c60eabfa3688daba8c363d70463a974745e587d4e81da8632a2","","","","datos DICOM externos"
"3-Pacientes/LDCT_temp/C095/1.000000-Low Dose Images-40418/1-029.dcm","526610","634c19906f195ea6d7ef1de79ca9a8b04a38d686bb87e8b146bbf5426ace523c","","","","datos DICOM externos"
"3-Pacientes/LDCT_temp/C095/1.000000-Low Dose Images-40418/1-030.dcm","526610","11c3c3cae9cfcb8da243e02b7bd48c79686f56692e4e1c850af8de0cb2b1cf2c","","","","datos DICOM externos"
"3-Pacientes/LDCT_temp/C095/1.000000-Low Dose Images-40418/1-031.dcm","526610","481bb5855676a26732235e515363c5c0683553836bd9fd75e8f54f413cfdd30e","","","","datos DICOM externos"
"3-Pacientes/LDCT_temp/C095/1.000000-Low Dose Images-40418/1-032.dcm","526610","995e7feb7bcde396785abca42b03de6cbc134c1337d8342acdf5fdf3359fda07","","","","datos DICOM externos"
"3-Pacientes/LDCT_temp/C095/1.000000-Low Dose Images-40418/1-033.dcm","526610","cbcbdaa853f9e7d7a1cfb0ca5c084ff9a398bb9efb7a1981be4337a5df737ffd","","","","datos DICOM externos"
"3-Pacientes/LDCT_temp/C095/1.000000-Low Dose Images-40418/1-034.dcm","526606","92d645b9c17224a6d6cf66deacdff6d10d8ced8de86abbb3fe7cafbc04d28cef","","","","datos DICOM externos"
"3-Pacientes/LDCT_temp/C095/1.000000-Low Dose Images-40418/1-035.dcm","526610","110482fb4704169d9e6cc128dfa751a6a11585113e7f5b2c48d8fa1a8bef0185","","","","datos DICOM externos"
"3-Pacientes/LDCT_temp/C095/1.000000-Low Dose Images-40418/1-036.dcm","526610","93ca30c9749f69a7f986bae13f973819db5d2cfc0089bc242bc2c5b0a1b66f4f","","","","datos DICOM externos"
"3-Pacientes/LDCT_temp/C095/1.000000-Low Dose Images-40418/1-037.dcm","526610","9b39c8989b944548e6ad40d7bcc3251a0e3a1162c5de4ac1e6188cacc5e84728","","","","datos DICOM externos"
"3-Pacientes/LDCT_temp/C095/1.000000-Low Dose Images-40418/1-038.dcm","526606","66280f2c37fd55e9a3bf48038a784094884cbb74acb4b42dec4abff3467a50c7","","","","datos DICOM externos"
"3-Pacientes/LDCT_temp/C095/1.000000-Low Dose Images-40418/1-039.dcm","526610","e6cebd594b5896f566e106f25dabb98a6bc790f46e626b024f279960b180489e","","","","datos DICOM externos"
"3-Pacientes/LDCT_temp/C095/1.000000-Low Dose Images-40418/1-040.dcm","526610","6a79ff6ac76b8278a7b2e6dc91b1d1039ca49a787d21958b7a7626bec04e5a15","","","","datos DICOM externos"
"3-Pacientes/LDCT_temp/C095/1.000000-Low Dose Images-40418/1-041.dcm","526610","9e1aa026204dc5558b299e80fffcf3625144313e6ea77ed9ae23128246c5d28e","","","","datos DICOM externos"
"3-Pacientes/LDCT_temp/C095/1.000000-Low Dose Images-40418/1-042.dcm","526610","dd804b7bd966c022ee787b65923269765f271fc95ac54667733d46575d42f9a7","","","","datos DICOM externos"
"3-Pacientes/LDCT_temp/C095/1.000000-Low Dose Images-40418/1-043.dcm","526610","be138b97ae4c3cc1498fd52a733280843a784307b95f6b8cf543e5cd9b8e5d65","","","","datos DICOM externos"
"3-Pacientes/LDCT_temp/C095/1.000000-Low Dose Images-40418/1-044.dcm","526610","bd18effe94eec4d92ecf8eba18562312db7f64bb2cf7fb3341b73f63b350dcae","","","","datos DICOM externos"
"3-Pacientes/LDCT_temp/C095/1.000000-Low Dose Images-40418/1-045.dcm","526610","55acb2d184c706432df001ef9a9ba5e97762d51544b2f08021d60c464b456a52","","","","datos DICOM externos"
"3-Pacientes/LDCT_temp/C095/1.000000-Low Dose Images-40418/1-046.dcm","526610","d9a143611a8a28f90855fd4393e8cc7a3ecd1b493b73385555bf1bf2e7f4add8","","","","datos DICOM externos"
"3-Pacientes/LDCT_temp/C095/1.000000-Low Dose Images-40418/1-047.dcm","526610","192da4c42e0552ff56221c92647b5799198c31dd6a5e70117c4413a5710d88e9","","","","datos DICOM externos"
"3-Pacientes/LDCT_temp/C095/1.000000-Low Dose Images-40418/1-048.dcm","526606","aa76667d1ea5cfd1686a9f179c3f9bd9b9ffc7420e596525baafa636c127c129","","","","datos DICOM externos"
"3-Pacientes/LDCT_temp/C095/1.000000-Low Dose Images-40418/1-049.dcm","526610","f9f0c7082dad9a7ca0775fab3a206a1f263c5b851a37f9ab878a59daa05d4125","","","","datos DICOM externos"
"3-Pacientes/LDCT_temp/C095/1.000000-Low Dose Images-40418/1-050.dcm","526610","ab53de7b2520263e33e9cf9a037645d4ca370e528e1b2886bcf21bb93abb905f","","","","datos DICOM externos"
"3-Pacientes/LDCT_temp/C095/1.000000-Low Dose Images-40418/1-051.dcm","526606","dc019b1d740d9d72d0113ddd8f7152d2d1a17a9c6e89448a0af0f115eb5e4e19","","","","datos DICOM externos"
"3-Pacientes/LDCT_temp/C095/1.000000-Low Dose Images-40418/1-052.dcm","526610","e71601a102b0e65f50c9841dd2e96cc5e1ec556236eb6923fec82383154e006d","","","","datos DICOM externos"
"3-Pacientes/LDCT_temp/C095/1.000000-Low Dose Images-40418/1-053.dcm","526610","f46e5d240b82ae979c97fb3d9ae8811d720eacd6d5ced4f0629b7758abf2c5fd","","","","datos DICOM externos"
"3-Pacientes/LDCT_temp/C095/1.000000-Low Dose Images-40418/1-054.dcm","526610","ade5e5db1fff1fc61711aa1b847b7a410e7a9bb195f308cc0d540d13d50e3d7c","","","","datos DICOM externos"
"3-Pacientes/LDCT_temp/C095/1.000000-Low Dose Images-40418/1-055.dcm","526610","d414c01d684f2f4753d4bfdfcd6fe0e7c4c949c82c14bad7fc740152a1dafc69","","","","datos DICOM externos"
"3-Pacientes/LDCT_temp/C095/1.000000-Low Dose Images-40418/1-056.dcm","526610","a223e56c857769a87853c128d6c269013e148e2310354bbbc6efb7d6cf382c9e","","","","datos DICOM externos"
"3-Pacientes/LDCT_temp/C095/1.000000-Low Dose Images-40418/1-057.dcm","526610","ee024400678856af21a68f980880decdfec90937e6d0ffa165c8dbd27e7d1f7f","","","","datos DICOM externos"
"3-Pacientes/LDCT_temp/C095/1.000000-Low Dose Images-40418/1-058.dcm","526610","d3a016b9b9eca89a8159496cea42cfcadaed3dbf2b19efbc5ec38bdd6c1f2325","","","","datos DICOM externos"
"3-Pacientes/LDCT_temp/C095/1.000000-Low Dose Images-40418/1-059.dcm","526606","df787d0aef03ca8bc9dacfd973fff83f7dcdaf7e737469894f66242a06c7c1be","","","","datos DICOM externos"
"3-Pacientes/LDCT_temp/C095/1.000000-Low Dose Images-40418/1-060.dcm","526610","74eb484f53b1f086f38cae59cdb520aa544a93e74f4e8f0c4e9e895e3669a5bd","","","","datos DICOM externos"
"3-Pacientes/LDCT_temp/C095/1.000000-Low Dose Images-40418/1-061.dcm","526610","1e881d41550ee8660d56e4c56797d92c9799419929b1e39f56b0b279ea8380be","","","","datos DICOM externos"
"3-Pacientes/LDCT_temp/C095/1.000000-Low Dose Images-40418/1-062.dcm","526610","02b68c029c8c02474d96600260837acc310b3fbd2bd69207734a656bc45010e0","","","","datos DICOM externos"
"3-Pacientes/LDCT_temp/C095/1.000000-Low Dose Images-40418/1-063.dcm","526610","f0455db877f7132bebc2d660b8abdea0d103b889ce1137571cee408833704597","","","","datos DICOM externos"
"3-Pacientes/LDCT_temp/C095/1.000000-Low Dose Images-40418/1-064.dcm","526608","fda9c5b1435e915a35623d7f50454a0e1c297f65f8f9c1b079edb96e2abfddaf","","","","datos DICOM externos"
"3-Pacientes/LDCT_temp/C095/1.000000-Low Dose Images-40418/1-065.dcm","526608","3a6019c825636c954916b71c47cccaeb95266bd6e7243a7a2868af224f451e34","","","","datos DICOM externos"
"3-Pacientes/LDCT_temp/C095/1.000000-Low Dose Images-40418/1-066.dcm","526608","2279cde12108347319585ed386c0f0ac5ca7a49fced98d0a74807bc6d2df88c1","","","","datos DICOM externos"
"3-Pacientes/LDCT_temp/C095/1.000000-Low Dose Images-40418/1-067.dcm","526608","e3435ea5e404b42295281f3b5c744261b8543ffd475eb62468f1af22d278fcde","","","","datos DICOM externos"
"3-Pacientes/LDCT_temp/C095/1.000000-Low Dose Images-40418/1-068.dcm","526608","a03292c7c353ecfc90eec5523ce7996fba0d855d0879ac5696519f890a5da1d2","","","","datos DICOM externos"
"3-Pacientes/LDCT_temp/C095/1.000000-Low Dose Images-40418/1-069.dcm","526608","8bfbb35563dc3c8292e02079255a65714d4c019ca5fee47528ebc163a0c56ce4","","","","datos DICOM externos"
"3-Pacientes/LDCT_temp/C095/1.000000-Low Dose Images-40418/1-070.dcm","526608","7749eb435c13e5a9242e116a3831f830e81e9daebad0b992a3fe041e507fc6a5","","","","datos DICOM externos"
"3-Pacientes/LDCT_temp/C095/1.000000-Low Dose Images-40418/1-071.dcm","526608","987b5c0c3366a4c4b9b7c2e0b0fa833f559b07ffd6505f8db3209d2f7199f378","","","","datos DICOM externos"
"3-Pacientes/LDCT_temp/C095/1.000000-Low Dose Images-40418/1-072.dcm","526608","099b3e592492a20eaa3cb5dcee518c37234396537f701334b9fa21792aea475f","","","","datos DICOM externos"
"3-Pacientes/LDCT_temp/C095/1.000000-Low Dose Images-40418/1-073.dcm","526608","b2d8b0974d6637828f2a01b64a093247911e3bee713308401442b10ba489b487","","","","datos DICOM externos"
"3-Pacientes/LDCT_temp/C095/1.000000-Low Dose Images-40418/1-074.dcm","526608","37839f172754d99fcf9c152eb56c52b74122a577171d3e398fc9999aa313a5af","","","","datos DICOM externos"
"3-Pacientes/LDCT_temp/C095/1.000000-Low Dose Images-40418/1-075.dcm","526608","7cc500cd2f28ad540fee64390e2f31149c41474725616ca2fc5613a63ab3009b","","","","datos DICOM externos"
"3-Pacientes/LDCT_temp/C095/1.000000-Low Dose Images-40418/1-076.dcm","526608","db8ea9e43ae7c23ea68c5d41730ee917b7f8b848ebc976c2503946f0405bf65e","","","","datos DICOM externos"
"3-Pacientes/LDCT_temp/C095/1.000000-Low Dose Images-40418/1-077.dcm","526606","74e6e520d757bb25d14ed0ff992b54fa5611123c0d14bac7aaf6469763cf832b","","","","datos DICOM externos"
"3-Pacientes/LDCT_temp/C095/1.000000-Low Dose Images-40418/1-078.dcm","526608","2078e6438d16110b91d7413c17a44a99a2b5a196935687d9c60d5985fed26098","","","","datos DICOM externos"
"3-Pacientes/LDCT_temp/C095/1.000000-Low Dose Images-40418/1-079.dcm","526608","537175e8c525eca692016c353fa3ff8d1d1929246fcd3b66774642f5ab0ee8ad","","","","datos DICOM externos"
"3-Pacientes/LDCT_temp/C095/1.000000-Low Dose Images-40418/1-080.dcm","526608","26185661c8764ba0f1d9f6931e109ca37c209416846ec9848bc659b12d2bafb1","","","","datos DICOM externos"
"3-Pacientes/LDCT_temp/C095/1.000000-Low Dose Images-40418/1-081.dcm","526608","45945011597d1ca3f65c7c472a639cb5cc5cfda81ebafeb2aef0e707f96ad0af","","","","datos DICOM externos"
"3-Pacientes/LDCT_temp/C095/1.000000-Low Dose Images-40418/1-082.dcm","526608","a8319264bfcb1647c3404c0ca4b3e14a64471eed2ab07d75ea00dd01cfe76cfe","","","","datos DICOM externos"
"3-Pacientes/LDCT_temp/C095/1.000000-Low Dose Images-40418/1-083.dcm","526608","2a18ac6f7728a9e7c8364d6c820b4dc751cc57a8e65176f37c3fef9b697c8f3c","","","","datos DICOM externos"
"3-Pacientes/LDCT_temp/C095/1.000000-Low Dose Images-40418/1-084.dcm","526608","10590a3baa565c7de71da7196cdaacf686eb67de69323ab8279f41fb32462f30","","","","datos DICOM externos"
"3-Pacientes/LDCT_temp/C095/1.000000-Low Dose Images-40418/1-085.dcm","526608","83df507bd905941dd114a82184fa587f28d8e85e3c89b1e65c7414ac2285fd56","","","","datos DICOM externos"
"3-Pacientes/LDCT_temp/C095/1.000000-Low Dose Images-40418/1-086.dcm","526608","3c327d525db35f86a97892b82c0aee5a76ee0536042b6e59e617ae9d2c723c88","","","","datos DICOM externos"
"3-Pacientes/LDCT_temp/C095/1.000000-Low Dose Images-40418/1-087.dcm","526608","3f97220c4f6d7ab2b835fc07d47090cf05c6dbee65b4dc9a7afb44690d0c610d","","","","datos DICOM externos"
"3-Pacientes/LDCT_temp/C095/1.000000-Low Dose Images-40418/1-088.dcm","526608","e44290f8f436f6e141476ea34aa062fb7b47fb7fbb4589464a928846ce557ece","","","","datos DICOM externos"
"3-Pacientes/LDCT_temp/C095/1.000000-Low Dose Images-40418/1-089.dcm","526608","336eba01d2b108add48db849bb04fac0f266a45cfbdc948c6b6c5cc617fe09c3","","","","datos DICOM externos"
"3-Pacientes/LDCT_temp/C095/1.000000-Low Dose Images-40418/1-090.dcm","526608","25c24079d11be82419a198c44643d60f9677a28d875a04e224429c2532b2051f","","","","datos DICOM externos"
"3-Pacientes/LDCT_temp/C095/1.000000-Low Dose Images-40418/1-091.dcm","526608","aa26356e6d7966b8e4c49b8261bfc1b10f18c5bf5fe2c11ef077f1d1a3992b5b","","","","datos DICOM externos"
"3-Pacientes/LDCT_temp/C095/1.000000-Low Dose Images-40418/1-092.dcm","526608","7999e99003592b70a9ffc67eebe96402f57ae616475abdf88bd5ba8ee2fbb546","","","","datos DICOM externos"
"3-Pacientes/LDCT_temp/C095/1.000000-Low Dose Images-40418/1-093.dcm","526608","b2dba21e8c72e3af7b511f0600557d992f993014182a1f3c81ac5186dc4b5cd8","","","","datos DICOM externos"
"3-Pacientes/LDCT_temp/C095/1.000000-Low Dose Images-40418/1-094.dcm","526608","98eaced76c8949cdc4bb4604436c266f9e7763d6decc2a125fa4e962caa53635","","","","datos DICOM externos"
"3-Pacientes/LDCT_temp/C095/1.000000-Low Dose Images-40418/1-095.dcm","526608","90657b0a8ff8f073788f0e78d904085ee27c17dd64ec5672680c6b354704f270","","","","datos DICOM externos"
"3-Pacientes/LDCT_temp/C095/1.000000-Low Dose Images-40418/1-096.dcm","526608","81098ff6ca4f681010cc01f7f45703d7ed5ac796914b2fd16596a87294b28b7b","","","","datos DICOM externos"
"3-Pacientes/LDCT_temp/C095/1.000000-Low Dose Images-40418/1-097.dcm","526612","27bde0ea2964a243c550199c23e8ffe2de85f00e05af6ee20f6cbe3ac99de606","","","","datos DICOM externos"
"3-Pacientes/LDCT_temp/C095/1.000000-Low Dose Images-40418/1-098.dcm","526612","55ffdb6e289efddd9a71be277dc488a97c9324f3fcc04a06faa4bd19426f20a2","","","","datos DICOM externos"
"3-Pacientes/LDCT_temp/C095/1.000000-Low Dose Images-40418/1-099.dcm","526612","3d181e476ddfc47c8ac4d98d9275c5c7be39ee13e5bcf0643f88a96a4caf8ba1","","","","datos DICOM externos"
"3-Pacientes/LDCT_temp/C095/1.000000-Low Dose Images-40418/1-100.dcm","526614","06950f5c0700e44f5e1306800d3be420e188ce4e1088d6d9fd288057b4e6f99a","","","","datos DICOM externos"
"3-Pacientes/LDCT_temp/C095/1.000000-Low Dose Images-40418/1-101.dcm","526614","3adfc320ba3f3b53148abbd1948c7627900c64a2329ca71d48a614fa0044e4f6","","","","datos DICOM externos"
"3-Pacientes/LDCT_temp/C095/1.000000-Low Dose Images-40418/1-102.dcm","526614","8d6aa052e098fa814dd3e9350051ec7805be047ba0f0907b6de4f7f44ea89258","","","","datos DICOM externos"
"3-Pacientes/LDCT_temp/C095/1.000000-Low Dose Images-40418/1-103.dcm","526614","9a070761911fc660021552c205e935411c9ba2260933aa1f59305b70444dde6d","","","","datos DICOM externos"
"3-Pacientes/LDCT_temp/C095/1.000000-Low Dose Images-40418/1-104.dcm","526614","e19ec9f2a58d0c8aec0fdb87b9198f37b04120ad49d7601632581248b5a796ce","","","","datos DICOM externos"
"3-Pacientes/LDCT_temp/C095/1.000000-Low Dose Images-40418/1-105.dcm","526614","b7f2ada1338f8ac47647247aab40489fdd9854608cbbfd5724b641e123a9ead1","","","","datos DICOM externos"
"3-Pacientes/LDCT_temp/C095/1.000000-Low Dose Images-40418/1-106.dcm","526614","4609f96bda6f9f2897c0996b56ed3db00e4773fb6386edc9e899cf16911764ff","","","","datos DICOM externos"
"3-Pacientes/LDCT_temp/C095/1.000000-Low Dose Images-40418/1-107.dcm","526614","0a93e77be1b2cfae64a7cfdd640fe914b1b7eeefa87ca3608fd1df1f8e44d78e","","","","datos DICOM externos"
"3-Pacientes/LDCT_temp/C095/1.000000-Low Dose Images-40418/1-108.dcm","526614","603ea3f0327e7651fe1a60a5a3e71a9baec8fc662aa24576629aedb6f79b090c","","","","datos DICOM externos"
"3-Pacientes/LDCT_temp/C095/1.000000-Low Dose Images-40418/1-109.dcm","526614","05094dd0340e68c0610ae87e4f99a0af8db62127850d8b789a1968ab073e55af","","","","datos DICOM externos"
"3-Pacientes/LDCT_temp/C095/1.000000-Low Dose Images-40418/1-110.dcm","526614","b2c8d8d4475b7279e2a6894fd855123e49af269e9d03078f439c3320806b8d77","","","","datos DICOM externos"
"3-Pacientes/LDCT_temp/C095/1.000000-Low Dose Images-40418/1-111.dcm","526614","61b9e909cf6c48e01bf1a60f93226dd4c6347b6cb7af2c4d55510e1f02b95a8b","","","","datos DICOM externos"
"3-Pacientes/LDCT_temp/C095/1.000000-Low Dose Images-40418/1-112.dcm","526614","4606776313d28d0d40dcc0fc9d9806a44452fb020377ea9109e4bfd1d1d892ff","","","","datos DICOM externos"
"3-Pacientes/LDCT_temp/C095/1.000000-Low Dose Images-40418/1-113.dcm","526614","4be6492c6e20b9986e778f37a4a052c26317445b917ccbde3ffc6f2635b293b5","","","","datos DICOM externos"
"3-Pacientes/LDCT_temp/C095/1.000000-Low Dose Images-40418/1-114.dcm","526614","ab269e84532d80a2141e0c59f61cfc0553570251c8b34d2a5dd6726e5226b369","","","","datos DICOM externos"
"3-Pacientes/LDCT_temp/C095/1.000000-Low Dose Images-40418/1-115.dcm","526614","4f197916f6016c98083dfa10952d3ef516243f0eb06e6f676c175cb8bf672f48","","","","datos DICOM externos"
"3-Pacientes/LDCT_temp/C095/1.000000-Low Dose Images-40418/1-116.dcm","526614","d708386438989c4eb50b3f6f3a177e7c8f065712aebfefdcb5291610f0a808a6","","","","datos DICOM externos"
"3-Pacientes/LDCT_temp/C095/1.000000-Low Dose Images-40418/1-117.dcm","526614","5356d4e0fa13322c8e460de0275be44919e845397e89e57cf9bb7cf8490d4dd1","","","","datos DICOM externos"
"3-Pacientes/LDCT_temp/C095/1.000000-Low Dose Images-40418/1-118.dcm","526612","332684d73e016eaee27bb91698b6bc7543150864895ff8aa8ad7049af9985736","","","","datos DICOM externos"
"3-Pacientes/LDCT_temp/C095/1.000000-Low Dose Images-40418/1-119.dcm","526614","9d9d4114655be1769ae530ea15b8296477cf840f48539584014b989740f186ac","","","","datos DICOM externos"
"3-Pacientes/LDCT_temp/C095/1.000000-Low Dose Images-40418/1-120.dcm","526610","ea71a8f3aff8008a3682be4bfa4a82071a2d0462abfb6d31616a2ab7b338e67f","","","","datos DICOM externos"
"3-Pacientes/LDCT_temp/C095/1.000000-Low Dose Images-40418/1-121.dcm","526614","b9597550ed14f3bd11753c1c722c9208f21ac56535554dce21198382b8eed321","","","","datos DICOM externos"
"3-Pacientes/LDCT_temp/C095/1.000000-Low Dose Images-40418/1-122.dcm","526614","997858263dad6b9ef1dc9b23e6ed77b4cf401a4e8a5407be4c4d76d016f3a05c","","","","datos DICOM externos"
"3-Pacientes/LDCT_temp/C095/1.000000-Low Dose Images-40418/1-123.dcm","526614","641d73fc7a2bdf56133fa3e9a2670bff44eeb39984c8dd8316be636df3f989ce","","","","datos DICOM externos"
"3-Pacientes/LDCT_temp/C095/1.000000-Low Dose Images-40418/1-124.dcm","526614","86a75d447d66f08beb642bdaab2e771042a22e43d22b75e80316ace5fd3be973","","","","datos DICOM externos"
"3-Pacientes/LDCT_temp/C095/1.000000-Low Dose Images-40418/1-125.dcm","526614","9b51c477b8900fe36e0e409154357a7bb0faa99d0a7317b57299ef86d6fba41b","","","","datos DICOM externos"
"3-Pacientes/LDCT_temp/C095/1.000000-Low Dose Images-40418/1-126.dcm","526614","575620763b1a51fd44aa1ecb09f56826afc4376ba1743fd9867014590e9309c3","","","","datos DICOM externos"
"3-Pacientes/LDCT_temp/C095/1.000000-Low Dose Images-40418/1-127.dcm","526614","7475614ca5e50ba8f02efc35627ff99e8cc7ae903265ab2f309d78dd0ae72ece","","","","datos DICOM externos"
"3-Pacientes/LDCT_temp/C095/1.000000-Low Dose Images-40418/1-128.dcm","526614","41ee66b5052057ace20024f17ca69ad7f79338645bbe3488b1f34d367905f030","","","","datos DICOM externos"
"3-Pacientes/LDCT_temp/C095/1.000000-Low Dose Images-40418/1-129.dcm","526614","5b0db115760fbd3ae4bcfdaefcf1f4d5004e654a357d336df87b13ea7ca80764","","","","datos DICOM externos"
"3-Pacientes/LDCT_temp/C095/1.000000-Low Dose Images-40418/1-130.dcm","526614","996aef9083fa94a8735dfb1413fa4bcc176c896bc47a02e25cc57ef6d82bfcfd","","","","datos DICOM externos"
"3-Pacientes/LDCT_temp/C095/1.000000-Low Dose Images-40418/1-131.dcm","526614","a4db6dff06143d507286e480b2b9e969ddcdd75fc5bcc8ed3b2f62873ea94f12","","","","datos DICOM externos"
"3-Pacientes/LDCT_temp/C095/1.000000-Low Dose Images-40418/1-132.dcm","526614","0a4b8852af1607b1162137148761887434ade3d29b7688e8fb9b92a7cc83ef9e","","","","datos DICOM externos"
"3-Pacientes/LDCT_temp/C095/1.000000-Low Dose Images-40418/1-133.dcm","526614","f75887831246552c51c74eab6b2c2e0e4b9e53fe3b66b091fcb5d325a5df7186","","","","datos DICOM externos"
"3-Pacientes/LDCT_temp/C095/1.000000-Low Dose Images-40418/1-134.dcm","526612","dc01150502c6498eda02571c5bbe75a6e8d15947a528b8f84d7857a4edef8a89","","","","datos DICOM externos"
"3-Pacientes/LDCT_temp/C095/1.000000-Low Dose Images-40418/1-135.dcm","526612","116c14dc8a74a3ca05b3fa8129fd3c21a474c2695e58a2f417eb21834836f58a","","","","datos DICOM externos"
"3-Pacientes/LDCT_temp/C095/1.000000-Low Dose Images-40418/1-136.dcm","526612","94b3d45df246259b5ef5f3d47545d296297930971c1c90e6bcf352b3b109f626","","","","datos DICOM externos"
"3-Pacientes/LDCT_temp/C095/1.000000-Low Dose Images-40418/1-137.dcm","526612","66011bf68baa1d1f5e6d496136734c883017849ccc8e7cca2b0279d8dd56c48b","","","","datos DICOM externos"
"3-Pacientes/LDCT_temp/C095/1.000000-Low Dose Images-40418/1-138.dcm","526612","c2da3301cb06a2283079b930bb8eed08781bdc6a9a47103b85a13029a36db5ff","","","","datos DICOM externos"
"3-Pacientes/LDCT_temp/C095/1.000000-Low Dose Images-40418/1-139.dcm","526612","7b9c20f6ce1b8283188255dd48b6f2331b888da1ab931db05cb0025251e6b192","","","","datos DICOM externos"
"3-Pacientes/LDCT_temp/C095/1.000000-Low Dose Images-40418/1-140.dcm","526612","060101913541a8a046977cacfbcc75e03db09c08d5e3f4c464c474fe77ea6ed3","","","","datos DICOM externos"
"3-Pacientes/LDCT_temp/C095/1.000000-Low Dose Images-40418/1-141.dcm","526612","cc68c59d98f0c99947a8d0c4c33d5c0304ffdb1f54b5f911d760eb602e19b7d7","","","","datos DICOM externos"
"3-Pacientes/LDCT_temp/C095/1.000000-Low Dose Images-40418/1-142.dcm","526612","8af2afed45ef88ff58b19bef51502cf1a2a3ff9655b61c218b0c2ade877576ed","","","","datos DICOM externos"
"3-Pacientes/LDCT_temp/C095/1.000000-Low Dose Images-40418/1-143.dcm","526612","efa0ac4abeaaaee466236dda500194e65a2f9d97db7a768b14547c2c35f09f98","","","","datos DICOM externos"
"3-Pacientes/LDCT_temp/C095/1.000000-Low Dose Images-40418/1-144.dcm","526612","70c4fe60ea7a5a17c70a50533488a35cddefa70073fd4ce59db7e4647a3bbcf1","","","","datos DICOM externos"
"3-Pacientes/LDCT_temp/C095/1.000000-Low Dose Images-40418/1-145.dcm","526612","44efac47dcdd681a2170fe2cb06885b62455eff9247b9d2ec5df852d2946c9eb","","","","datos DICOM externos"
"3-Pacientes/LDCT_temp/C095/1.000000-Low Dose Images-40418/1-146.dcm","526612","816e43a21d9ec68b1099f1f2e7d87fe31d8ae88b6a50b99702157694dc6eee83","","","","datos DICOM externos"
"3-Pacientes/LDCT_temp/C095/1.000000-Low Dose Images-40418/1-147.dcm","526612","cb22d37b64c4e358dffe4404f04c258bce4fb7a623b181f786a4cd018aed66f4","","","","datos DICOM externos"
"3-Pacientes/LDCT_temp/C095/1.000000-Low Dose Images-40418/1-148.dcm","526612","6758574f68a1165f8218d58de8d8e40a39917804e681f276aa4dcca180724736","","","","datos DICOM externos"
"3-Pacientes/LDCT_temp/C095/1.000000-Low Dose Images-40418/1-149.dcm","526612","4ed7ea08fc9c1b426596aecd4000babb44590b3b8d68ef908244d3367a18922c","","","","datos DICOM externos"
"3-Pacientes/LDCT_temp/C095/1.000000-Low Dose Images-40418/1-150.dcm","526612","feb9cc9ce095888e86de375d5a1a600196ef5f0eae94f927d3b1048feecff8bb","","","","datos DICOM externos"
"3-Pacientes/LDCT_temp/C095/1.000000-Low Dose Images-40418/1-151.dcm","526612","a4b736b18ce952fba10dea7e5640cf2128ba6d5263b405041a80540c727418a9","","","","datos DICOM externos"
"3-Pacientes/LDCT_temp/C095/1.000000-Low Dose Images-40418/1-152.dcm","526612","94b86b0f1a5c7b1081667bfa1be54e55a3781d2fcdc2c9088c4a6b9a149701db","","","","datos DICOM externos"
"3-Pacientes/LDCT_temp/C095/1.000000-Low Dose Images-40418/1-153.dcm","526612","817ff099f075f0f2a7a05c1cde9a1808d004c0df670c65804f697dbb31cd6bf2","","","","datos DICOM externos"
"3-Pacientes/LDCT_temp/C095/1.000000-Low Dose Images-40418/1-154.dcm","526612","a612c27e099cce53201036ce502aca5a694ab39299c19323bef4fedce5872a00","","","","datos DICOM externos"
"3-Pacientes/LDCT_temp/C095/1.000000-Low Dose Images-40418/1-155.dcm","526612","30d424f0e1990d3f5429251336c8d4ffd16d0c0386f7b7add9f4b27d629df5d0","","","","datos DICOM externos"
"3-Pacientes/LDCT_temp/C095/1.000000-Low Dose Images-40418/1-156.dcm","526612","59823420f29870b3e9163bc71f86c7ef716b5129b68d2586cebcfdff20d23aa8","","","","datos DICOM externos"
"3-Pacientes/LDCT_temp/C095/1.000000-Low Dose Images-40418/1-157.dcm","526612","b1b76222fa8cf66894ebff2ad68482f8252a9b7849573e50f8eecde16096dda5","","","","datos DICOM externos"
"3-Pacientes/LDCT_temp/C095/1.000000-Low Dose Images-40418/1-158.dcm","526612","ea727346c0684af9933a322176ce9167f350456c7bb0f555c5aa68679d86194a","","","","datos DICOM externos"
"3-Pacientes/LDCT_temp/C095/1.000000-Low Dose Images-40418/1-159.dcm","526612","c761289e2e4c748b5a757239c0b7c73e93410ad53a7a013e9e65e988bcfa7ec3","","","","datos DICOM externos"
"3-Pacientes/LDCT_temp/C095/1.000000-Low Dose Images-40418/1-160.dcm","526612","caa0e24c19ae84b7d53387c36a2968e6980babe8eee46aba9689c057c829aaf4","","","","datos DICOM externos"
"3-Pacientes/LDCT_temp/C095/1.000000-Low Dose Images-40418/1-161.dcm","526612","22713f33ecfee19010d89265ddf5ad61476c16a89293c04609693285359cd217","","","","datos DICOM externos"
"3-Pacientes/LDCT_temp/C095/1.000000-Low Dose Images-40418/1-162.dcm","526612","8a3449642b4ceef3c3d7013e6070c2abb3e1adb23a1991be9c985bb92269c798","","","","datos DICOM externos"
"3-Pacientes/LDCT_temp/C095/1.000000-Low Dose Images-40418/1-163.dcm","526612","0767a537729cc3cc89ce1b0c9c59909640715e2c6f00a70b3a16d8ed7bba659b","","","","datos DICOM externos"
"3-Pacientes/LDCT_temp/C095/1.000000-Low Dose Images-40418/1-164.dcm","526612","b201f42e132105556f5505188d2e270ce2580ffefc098f4c754be7bc6db66928","","","","datos DICOM externos"
"3-Pacientes/LDCT_temp/C095/1.000000-Low Dose Images-40418/1-165.dcm","526612","4e42e8e7c7208f59ad3dc7a035a936079bef03fcf8a86d0c45d138cb66c46997","","","","datos DICOM externos"
"3-Pacientes/LDCT_temp/C095/1.000000-Low Dose Images-40418/1-166.dcm","526612","dc0a035cf879644e2b8566d8a095e7e643d1f1d0637106b072f18b1cb0a678b1","","","","datos DICOM externos"
"3-Pacientes/LDCT_temp/C095/1.000000-Low Dose Images-40418/1-167.dcm","526612","1b95f8c5f0a491d43d90641d462f340f150eabb62847896ae0f526d3beb41d50","","","","datos DICOM externos"
"3-Pacientes/LDCT_temp/C095/1.000000-Low Dose Images-40418/1-168.dcm","526612","e500d7f2ccfaee0cfa124c0e5f4c4e754d116d8f2d32036bcc5930dce020351f","","","","datos DICOM externos"
"3-Pacientes/LDCT_temp/C095/1.000000-Low Dose Images-40418/1-169.dcm","526612","cbd2f4723a7d0c9f7e30178e9e76e7a455612ad33aeb9f2e09340b7a74370b80","","","","datos DICOM externos"
"3-Pacientes/LDCT_temp/C095/1.000000-Low Dose Images-40418/1-170.dcm","526612","0e0dd0bcf541827cc195accd8681d54b5f6e11534d5bd1aa8644b49ea3fcd9df","","","","datos DICOM externos"
"3-Pacientes/LDCT_temp/C095/1.000000-Low Dose Images-40418/1-171.dcm","526612","8740c97b8f2258a4ffccf9e6c24d2d694a84c2b72f4bc73ca49cf86a9771dd60","","","","datos DICOM externos"
"3-Pacientes/LDCT_temp/C095/1.000000-Low Dose Images-40418/1-172.dcm","526612","cc63b3a9619c50bc3ae294943c465f809442fac127da07cfcdb2c1648ad1784c","","","","datos DICOM externos"
"3-Pacientes/LDCT_temp/C095/1.000000-Low Dose Images-40418/1-173.dcm","526612","2956b3acb8dffa2aa7d5722d6e65b8fb41788d99780a8941f092ae7c303a0993","","","","datos DICOM externos"
"3-Pacientes/LDCT_temp/C095/1.000000-Low Dose Images-40418/1-174.dcm","526612","41a3ab27abf2399428e672d76b5cdd71d6ee1b9a68c5cd40312cc30d9b36c5fc","","","","datos DICOM externos"
"3-Pacientes/LDCT_temp/C095/1.000000-Low Dose Images-40418/1-175.dcm","526612","7d8fa0d887a65101997c7b92b11ce77463984db662209e2fb608e779e8f9c404","","","","datos DICOM externos"
"3-Pacientes/LDCT_temp/C095/1.000000-Low Dose Images-40418/1-176.dcm","526612","eaad92ac50642e69c1f6293f433bf1e3efb98f8af4c5cc2c1630501b0237515a","","","","datos DICOM externos"
"3-Pacientes/LDCT_temp/C095/1.000000-Low Dose Images-40418/1-177.dcm","526612","3514a740ce0c8f989148d560d260afc803cfa3b04523a99639764ff3cebe2e86","","","","datos DICOM externos"
"3-Pacientes/LDCT_temp/C095/1.000000-Low Dose Images-40418/1-178.dcm","526610","a441cdc5ed3f1fae0132d513e71954301a314f5455ebc7ad2fe268e8e04d120e","","","","datos DICOM externos"
"3-Pacientes/LDCT_temp/C095/1.000000-Low Dose Images-40418/1-179.dcm","526612","573d6dd3798005be4592446e9b84890acf297b4b1987d72ef26cca2bc322dfda","","","","datos DICOM externos"
"3-Pacientes/LDCT_temp/C095/1.000000-Low Dose Images-40418/1-180.dcm","526612","1326caae260835a69be4657fc2cf90f2cc97eb6624498f6364762efc5bf195c8","","","","datos DICOM externos"
"3-Pacientes/LDCT_temp/C095/1.000000-Low Dose Images-40418/1-181.dcm","526612","ded0e05cac9b7de9c10fed3074e668b7a4f7590da5333d459af7bcb913bc1846","","","","datos DICOM externos"
"3-Pacientes/LDCT_temp/C095/1.000000-Low Dose Images-40418/1-182.dcm","526612","c6785ae5325cf8b81c61b3aaba141c15c1a3819d542131b26279124398208f42","","","","datos DICOM externos"
"3-Pacientes/LDCT_temp/C095/1.000000-Low Dose Images-40418/1-183.dcm","526612","e02a2b3f7671159ffeb04f9da69157c19fb9472b2b76145d4d17a7907d8e9e8d","","","","datos DICOM externos"
"3-Pacientes/LDCT_temp/C095/1.000000-Low Dose Images-40418/1-184.dcm","526608","fcf2a92ee17d23261dca02fa72ac374f9913254d474675c76b1689d177e1264b","","","","datos DICOM externos"
"3-Pacientes/LDCT_temp/C095/1.000000-Low Dose Images-40418/1-185.dcm","526612","db1abd0b6448373a774817c3ca8e71aea9e2707629fa773bcb91c086d6950676","","","","datos DICOM externos"
"3-Pacientes/LDCT_temp/C095/1.000000-Low Dose Images-40418/1-186.dcm","526608","678c617afba409d5eaf9777238eab9384dd61b70ef343ca4633e146cce3d0c72","","","","datos DICOM externos"
"3-Pacientes/LDCT_temp/C095/1.000000-Low Dose Images-40418/1-187.dcm","526612","0a1c8c8f084b6dd0b0c1bff5911a2338814abfea947342d3e2c974d00843a9a7","","","","datos DICOM externos"
"3-Pacientes/LDCT_temp/C095/1.000000-Low Dose Images-40418/1-188.dcm","526612","5e0026ebeeaba5e9ae2cb440bbd5593f412846533197c66230789e2d6a85c7ef","","","","datos DICOM externos"
"3-Pacientes/LDCT_temp/C095/1.000000-Low Dose Images-40418/1-189.dcm","526612","776b5b793139d0d46847638d1d2f6dbdcf2b1e1efef58f401ec2a7bfb5f2b807","","","","datos DICOM externos"
"3-Pacientes/LDCT_temp/C095/1.000000-Low Dose Images-40418/1-190.dcm","526612","adc1176d54026fe92204e1fd1931e3fab6c332aba389baa936e2b30c6a8436db","","","","datos DICOM externos"
"3-Pacientes/LDCT_temp/C095/1.000000-Low Dose Images-40418/1-191.dcm","526612","779455fde68279a18068cd24f4a6a507c983b83bfa59cbca671135b5399db699","","","","datos DICOM externos"
"3-Pacientes/LDCT_temp/C095/1.000000-Low Dose Images-40418/1-192.dcm","526612","a15af9f55093ca4ba2f9d400c0c34db6885a30b8c9498469b520a45a48211025","","","","datos DICOM externos"
"3-Pacientes/LDCT_temp/C095/1.000000-Low Dose Images-40418/1-193.dcm","526612","2c1f3ce623cd2d9a06a86bda11bf6bd334d14ad9c00943292aa18c1e2001ff2e","","","","datos DICOM externos"
"3-Pacientes/LDCT_temp/C095/1.000000-Low Dose Images-40418/1-194.dcm","526612","7a36c017f5e10b6cb43fa65c05390eac036d199e5d2b353b695acede0b7e052b","","","","datos DICOM externos"
"3-Pacientes/LDCT_temp/C095/1.000000-Low Dose Images-40418/1-195.dcm","526612","8a8fdd11bda4c9a0d3a8b88b93ef2d55a2b698c5665115edf47c415b6509700d","","","","datos DICOM externos"
"3-Pacientes/LDCT_temp/C095/1.000000-Low Dose Images-40418/1-196.dcm","526612","2843a6a51f8b7c0b5ff64467fdbbf3802587919e686134d7e65609e16d56db67","","","","datos DICOM externos"
"3-Pacientes/LDCT_temp/C095/1.000000-Low Dose Images-40418/1-197.dcm","526610","eee764bcc6f7b515a8d0e38877a662576bb4353176448f0f87c517e141a64d7f","","","","datos DICOM externos"
"3-Pacientes/LDCT_temp/C095/1.000000-Low Dose Images-40418/1-198.dcm","526612","6741bfa756a3cd368b7a768add262478ab00b5a644cf76be3459df06c0773613","","","","datos DICOM externos"
"3-Pacientes/LDCT_temp/C095/1.000000-Low Dose Images-40418/1-199.dcm","526612","c495127c9b035031ffdb67de1499240c8a7fd7dc366db721756fb4d6f58848ae","","","","datos DICOM externos"
"3-Pacientes/LDCT_temp/C095/1.000000-Low Dose Images-40418/1-200.dcm","526612","6129b05bad4c53dbf1a51aa6b3ff25d06bd940c1d3eac97be6b07f3eec6214ff","","","","datos DICOM externos"
"3-Pacientes/LDCT_temp/C095/1.000000-Low Dose Images-40418/1-201.dcm","526612","80baf5da8b572ca997d28ca352d61f16f79f87ca51c4608b13a3f78cc77b6347","","","","datos DICOM externos"
"3-Pacientes/LDCT_temp/C095/1.000000-Low Dose Images-40418/1-202.dcm","526612","84a180927d52ae4adfd294f6f5960684236cf97ec2649ea32c78f06afcb1ad9e","","","","datos DICOM externos"
"3-Pacientes/LDCT_temp/C095/1.000000-Low Dose Images-40418/1-203.dcm","526612","8f8db40effb6e957910484624de90411fc129f70317899177ff436e97e06e1d6","","","","datos DICOM externos"
"3-Pacientes/LDCT_temp/C095/1.000000-Low Dose Images-40418/1-204.dcm","526612","65a6f0c9a3ad44bff79c84990dc30c0cf94d3a9dfd989166437e987492b0f706","","","","datos DICOM externos"
"3-Pacientes/LDCT_temp/C095/1.000000-Low Dose Images-40418/1-205.dcm","526612","121375967bf04811ed0f25989b8617391ba4ab82ee35c4f4e7e2b686ae7e05cd","","","","datos DICOM externos"
"3-Pacientes/LDCT_temp/C095/1.000000-Low Dose Images-40418/1-206.dcm","526612","b70c8521deb39ab5b552032e47eca2cfa17fa01ec9cc42e6a8ba6db7f4d4a990","","","","datos DICOM externos"
"3-Pacientes/LDCT_temp/C095/1.000000-Low Dose Images-40418/1-207.dcm","526608","3b98304dd78f4e8d44f44a29a709f8b5d9b5dd8bb0b4e46ceff51966397f907f","","","","datos DICOM externos"
"3-Pacientes/LDCT_temp/C095/1.000000-Low Dose Images-40418/1-208.dcm","526612","c99bef8191435a37bcf3f9ac2c9519deafed03df667d9c5141637dbf525c41e6","","","","datos DICOM externos"
"3-Pacientes/LDCT_temp/C095/1.000000-Low Dose Images-40418/1-209.dcm","526612","8123263aac60921c5f7bd6e8e5c1c5ae3e751d1721a916bf2438b069c1ca9b86","","","","datos DICOM externos"
"3-Pacientes/LDCT_temp/C095/1.000000-Low Dose Images-40418/1-210.dcm","526612","406e96cc8dc4de1b9c8928641079f3c4a31b80df391ef5999c5e6cbeff988c87","","","","datos DICOM externos"
"3-Pacientes/LDCT_temp/C095/1.000000-Low Dose Images-40418/1-211.dcm","526612","4d75072574653a008c5e16919c9f75241e14ff705ac1ea9b8aded0288d182ce9","","","","datos DICOM externos"
"3-Pacientes/LDCT_temp/C095/1.000000-Low Dose Images-40418/1-212.dcm","526612","5194981463182517e2fc292f084137cb985580a9bb86e87fc55136bcf14f8fbe","","","","datos DICOM externos"
"3-Pacientes/LDCT_temp/C095/1.000000-Low Dose Images-40418/1-213.dcm","526614","9834cfa98d4d9cf55a08b65050a1ef94f92dbf7472868ade3b5aca1b64667fdd","","","","datos DICOM externos"
"3-Pacientes/LDCT_temp/C095/1.000000-Low Dose Images-40418/1-214.dcm","526614","8ab358f1f4dac9bc85770e08c4c9833fb2524ad837ca988ccdf4f61763172528","","","","datos DICOM externos"
"3-Pacientes/LDCT_temp/C095/1.000000-Low Dose Images-40418/1-215.dcm","526614","500d4a0a9389903a7deb54fe35dd39e5d6a276c0dc83330c82a9c38a9d2e0eab","","","","datos DICOM externos"
"3-Pacientes/LDCT_temp/C095/1.000000-Low Dose Images-40418/1-216.dcm","526614","ab1b7c364f45f0aef20e93187003f54621a05bbd41ebf6916c20f4b555fd933e","","","","datos DICOM externos"
"3-Pacientes/LDCT_temp/C095/1.000000-Low Dose Images-40418/1-217.dcm","526614","79811442e6a8c498c36cdeb3afde1d85570b3440a7f3ee503fd8e384602afdb3","","","","datos DICOM externos"
"3-Pacientes/LDCT_temp/C095/1.000000-Low Dose Images-40418/1-218.dcm","526614","6f06045c5c23a78ef0dc5ab9bb8c2cf98d84c6b6fcb58388ec00642b21b92b73","","","","datos DICOM externos"
"3-Pacientes/LDCT_temp/C095/1.000000-Low Dose Images-40418/1-219.dcm","526614","32f6fa36f0cd6652ab5c3055994605996bd79d0bb9122d3e06a2309d19e16f35","","","","datos DICOM externos"
"3-Pacientes/LDCT_temp/C095/1.000000-Low Dose Images-40418/1-220.dcm","526614","9036544ee5d60eb64a9fd884c7fa5a61b56f315cb4b53778ae586bae6eba7a35","","","","datos DICOM externos"
"3-Pacientes/LDCT_temp/C095/1.000000-Low Dose Images-40418/1-221.dcm","526614","c6319b56c2bc3d9f553b7936d219b0039e9ec487fdd45732aa9dedb07944e629","","","","datos DICOM externos"
"3-Pacientes/LDCT_temp/C095/1.000000-Low Dose Images-40418/1-222.dcm","526614","a673f8d93ecd3f74383d78efb7e6b2e2cba76d312933a4344d99754401d26741","","","","datos DICOM externos"
"3-Pacientes/LDCT_temp/C095/1.000000-Low Dose Images-40418/1-223.dcm","526614","cf0d56e7153e590c05bb200e1dae63bc92f5713b741e45403f6ed7ef6562e265","","","","datos DICOM externos"
"3-Pacientes/LDCT_temp/C095/1.000000-Low Dose Images-40418/1-224.dcm","526614","47688ec59b1774b7259eff3029cfb732c250cf8b8662565e019be06b4e3a1709","","","","datos DICOM externos"
"3-Pacientes/LDCT_temp/C095/1.000000-Low Dose Images-40418/1-225.dcm","526614","63d1b8f3a84948c52809da667f824e0b47ca85400ecfbfd81d732e01c740e6d9","","","","datos DICOM externos"
"3-Pacientes/LDCT_temp/C095/1.000000-Low Dose Images-40418/1-226.dcm","526614","5e383b81692f5e0a128a76a84700983e640cdd19720be6383604b77af27ea2ef","","","","datos DICOM externos"
"3-Pacientes/LDCT_temp/C095/1.000000-Low Dose Images-40418/1-227.dcm","526614","9062b0665027604b6df00d2c3d6a93e78ada6b4031d073289144ed4cef878ba3","","","","datos DICOM externos"
"3-Pacientes/LDCT_temp/C095/1.000000-Low Dose Images-40418/1-228.dcm","526614","ed92ab76b282ade1e6b9fce37183ae67ac90e760d279e3d22af7d1ce331d2703","","","","datos DICOM externos"
"3-Pacientes/LDCT_temp/C095/1.000000-Low Dose Images-40418/1-229.dcm","526614","0fb66876dfd5676e272a4700a18d94972e04a9d147a1facc5b8fe1d850df429b","","","","datos DICOM externos"
"3-Pacientes/LDCT_temp/C095/1.000000-Low Dose Images-40418/1-230.dcm","526614","d19dfef3aeeaa2eb7f80bd0919c0a62339e85c235bb83a9b0414857da32b9510","","","","datos DICOM externos"
"3-Pacientes/LDCT_temp/C095/1.000000-Low Dose Images-40418/1-231.dcm","526614","c18e52d34f00eda970ce99bed4aae12302e33caedd2a28631fa5a75d66521881","","","","datos DICOM externos"
"3-Pacientes/LDCT_temp/C095/1.000000-Low Dose Images-40418/1-232.dcm","526614","b4c371eb40cba5bb83f049d0f261fa32c0a4b886b836774a1be8731f60347802","","","","datos DICOM externos"
"3-Pacientes/LDCT_temp/C095/1.000000-Low Dose Images-40418/1-233.dcm","526614","66c24139cb9ea214fa94aee6053b5676f31622050d76689137ee68ebf7df97e0","","","","datos DICOM externos"
"3-Pacientes/LDCT_temp/C095/1.000000-Low Dose Images-40418/1-234.dcm","526614","773d7b5db0bac85561257c77cd51b443818b0b13f54054d8175fd66acd335859","","","","datos DICOM externos"
"3-Pacientes/LDCT_temp/C095/1.000000-Low Dose Images-40418/1-235.dcm","526614","ae9784b2bd30ccc1877fd3b17c4a525c8abad3848847d3e9911e242cb3b70bda","","","","datos DICOM externos"
"3-Pacientes/LDCT_temp/C095/1.000000-Low Dose Images-40418/1-236.dcm","526614","f57b1ae54712441c303dcaadb4f9b3c025b8b7bab31c9c073d10d734f0ec29e4","","","","datos DICOM externos"
"3-Pacientes/LDCT_temp/C095/1.000000-Low Dose Images-40418/1-237.dcm","526614","367694006273c832613342659ca7002cd140407d42819db038ccb9a3e3894172","","","","datos DICOM externos"
"3-Pacientes/LDCT_temp/C095/1.000000-Low Dose Images-40418/1-238.dcm","526610","5b18e55ef1b5500df37b2b5d891ef6561767531bd8ae063c3a386e70b31341b9","","","","datos DICOM externos"
"3-Pacientes/LDCT_temp/C095/1.000000-Low Dose Images-40418/1-239.dcm","526614","f6db1563574a294e34488811d4d76cce75b6d4f39bdfed2224aff39610183183","","","","datos DICOM externos"
"3-Pacientes/LDCT_temp/C095/1.000000-Low Dose Images-40418/1-240.dcm","526614","06e0bc4def8ca7a2d71cab25cc90e521ab14f43f45b3c475f08f98b8a6de9926","","","","datos DICOM externos"
"3-Pacientes/LDCT_temp/C095/1.000000-Low Dose Images-40418/1-241.dcm","526612","256fdf33b4eaff59e9c8f8b93711384ae06975dfff3a8f9876c5072e26c0edbb","","","","datos DICOM externos"
"3-Pacientes/LDCT_temp/C095/1.000000-Low Dose Images-40418/1-242.dcm","526614","da5061dfd215063163cd8c0ef206762674b1e914fe78a631d920f25a66deac34","","","","datos DICOM externos"
"3-Pacientes/LDCT_temp/C095/1.000000-Low Dose Images-40418/1-243.dcm","526612","4e6bb1a5bf6d422456165be1ac9f7cf904fb978d496515a52e689adb062ae0d8","","","","datos DICOM externos"
"3-Pacientes/LDCT_temp/C095/1.000000-Low Dose Images-40418/1-244.dcm","526614","4ccc90348540fa3fb25a883046125b6e9b5aed1015e06a82e08e67f59e217f2a","","","","datos DICOM externos"
"3-Pacientes/LDCT_temp/C095/1.000000-Low Dose Images-40418/1-245.dcm","526614","8e0f9389f90a4cbd36164b35e98639cebc71a0463b3e1b01db1dd5a8271bc014","","","","datos DICOM externos"
"3-Pacientes/LDCT_temp/C095/1.000000-Low Dose Images-40418/1-246.dcm","526614","9bc3d2b10761428885757c0b20c09073647348a69b202bcf2e7e3b812ba3bb11","","","","datos DICOM externos"
"3-Pacientes/LDCT_temp/C095/1.000000-Low Dose Images-40418/1-247.dcm","526614","9121c18a2355fdae9d242f67c72343fcb2e35a7c6fc0a8be7c727a1c97d8888a","","","","datos DICOM externos"
"3-Pacientes/LDCT_temp/C095/1.000000-Low Dose Images-40418/1-248.dcm","526614","c2bdbf514640aceaf9fa6023a35d114349ccf266fb63e14cb7ebd4668f184063","","","","datos DICOM externos"
"3-Pacientes/LDCT_temp/C095/1.000000-Low Dose Images-40418/1-249.dcm","526614","cf93479f6ea200f61d676fce3410d076ed076f36c79358b1cba8e778c2b27123","","","","datos DICOM externos"
"3-Pacientes/LDCT_temp/C095/1.000000-Low Dose Images-40418/1-250.dcm","526614","0463186a016e9bddfd86617d56a435ae4fbb1655b8af9ccfea9b371db0259779","","","","datos DICOM externos"
"3-Pacientes/LDCT_temp/C095/1.000000-Low Dose Images-40418/1-251.dcm","526614","f1f0ef1abe4c10cf7a4c6be318988459b78d4a5fab1cfe4e3ff06504532b59e8","","","","datos DICOM externos"
"3-Pacientes/LDCT_temp/C095/1.000000-Low Dose Images-40418/1-252.dcm","526614","1242be4c610b7cb612084cf98de9313cf6089422c069b27322c04d1999465df3","","","","datos DICOM externos"
"3-Pacientes/LDCT_temp/C095/1.000000-Low Dose Images-40418/1-253.dcm","526614","21b9ca8dba8d29e7ac4b304a4168bf230c25ad10eade9f4251b5f46f54abb5e1","","","","datos DICOM externos"
"3-Pacientes/LDCT_temp/C095/1.000000-Low Dose Images-40418/1-254.dcm","526614","2b7cdf7662bb1786ae45573d878962c62ba28f5c13c477d27b1e3d9cfc838b81","","","","datos DICOM externos"
"3-Pacientes/LDCT_temp/C095/1.000000-Low Dose Images-40418/1-255.dcm","526614","e822a31605d1b2189d843d1901bd37aadde8601f9b3b4be53b7da48d314c80a4","","","","datos DICOM externos"
"3-Pacientes/LDCT_temp/C095/1.000000-Low Dose Images-40418/1-256.dcm","526614","285fda4cc259f8c8f89ae75307c630d0084a4bb7c51213fdfa5ef64aee83b289","","","","datos DICOM externos"
"3-Pacientes/LDCT_temp/C095/1.000000-Low Dose Images-40418/1-257.dcm","526614","616a76c2d1115cf703a3b97def3e0dfff7d423e9ee0ecd2a0b4a93e1ee8536d8","","","","datos DICOM externos"
"3-Pacientes/LDCT_temp/C095/1.000000-Low Dose Images-40418/1-258.dcm","526614","cae78b915f62b9f2642c246a4266ddd107f449e661e353ff61af6e40081a2ed3","","","","datos DICOM externos"
"3-Pacientes/LDCT_temp/C095/1.000000-Low Dose Images-40418/1-259.dcm","526614","7eb0b45c3e7e748c480d3523350a3b825e73adedefdaf3f7a5356b6535cd1d1d","","","","datos DICOM externos"
"3-Pacientes/LDCT_temp/C095/1.000000-Low Dose Images-40418/1-260.dcm","526614","8a6a43bca610cb6941966373552979d30b62b2c0120a89561823da4f27709e19","","","","datos DICOM externos"
"3-Pacientes/LDCT_temp/C095/1.000000-Low Dose Images-40418/1-261.dcm","526614","bf6523d31eb018d23a1a097ae45aa61c4bda1cfdc49e53fb36f71c996dd41536","","","","datos DICOM externos"
"3-Pacientes/LDCT_temp/C095/1.000000-Low Dose Images-40418/1-262.dcm","526614","0c873b285bb4d76a6c93d748cd7e6ce33e83c33a72954bc11232547427267a28","","","","datos DICOM externos"
"3-Pacientes/LDCT_temp/C095/1.000000-Low Dose Images-40418/1-263.dcm","526614","0794c4216343c7849e3318a135ea77700979e743f676330d1931ae930b6fe955","","","","datos DICOM externos"
"3-Pacientes/LDCT_temp/C095/1.000000-Low Dose Images-40418/1-264.dcm","526614","466678ffb35a50e0a164889552205672f3b0bad02e2cdfb3db55b9b20835f37b","","","","datos DICOM externos"
"3-Pacientes/LDCT_temp/C095/1.000000-Low Dose Images-40418/1-265.dcm","526614","bcd34df77df81f430b2726d88e13a8cd2fa6860dbecaac6d861de5789a6be430","","","","datos DICOM externos"
"3-Pacientes/LDCT_temp/C095/1.000000-Low Dose Images-40418/1-266.dcm","526614","7b54a91516814324f0b74d2da561477d0d2b1b87b97d8a20f4a9b0bc3827841b","","","","datos DICOM externos"
"3-Pacientes/LDCT_temp/C095/1.000000-Low Dose Images-40418/1-267.dcm","526614","b03ccf678801200862d4018a5fdb7ee5755de2ff736b0cd4d789892fc671bbe1","","","","datos DICOM externos"
"3-Pacientes/LDCT_temp/C095/1.000000-Low Dose Images-40418/1-268.dcm","526614","f9562b502f068efc76113f213b1828a494142daeead077932f742e6a71fe627b","","","","datos DICOM externos"
"3-Pacientes/LDCT_temp/C095/1.000000-Low Dose Images-40418/1-269.dcm","526614","becced57aea212c22b119a61aed1b1922a6eea6fe29b5a31b32d39e125a5b06e","","","","datos DICOM externos"
"3-Pacientes/LDCT_temp/C095/1.000000-Low Dose Images-40418/1-270.dcm","526614","f52af6400d12bf0e8e13ed7cabd0e3a13154b43252990b40e6732c44cf692c82","","","","datos DICOM externos"
"3-Pacientes/LDCT_temp/C095/1.000000-Low Dose Images-40418/1-271.dcm","526614","4ae54696c27f6c2a2ace6f73087cc32e997bb3abff6d9cf67185724b29cb6187","","","","datos DICOM externos"
"3-Pacientes/LDCT_temp/C095/1.000000-Low Dose Images-40418/1-272.dcm","526614","56797db2e04d46c5b89ebbc301ba16a2d917b0120ecdbcb6d8c711a23c3bd632","","","","datos DICOM externos"
"3-Pacientes/LDCT_temp/C095/1.000000-Low Dose Images-40418/1-273.dcm","526614","36c7390cbc90e62e0abdda5e8d44a369e3348a1079165d29b74a1701d5dd603e","","","","datos DICOM externos"
"3-Pacientes/LDCT_temp/C095/1.000000-Low Dose Images-40418/1-274.dcm","526614","82d3fe78c995b51ccf85f1d8e984e2318287c7c1d9e36094d58a900f1e2ff8ad","","","","datos DICOM externos"
"3-Pacientes/LDCT_temp/C095/1.000000-Low Dose Images-40418/1-275.dcm","526614","8ff53f963a56c9049b1752a83abe8db5ca027cd3dc51f1c515f438306e3d2fee","","","","datos DICOM externos"
"3-Pacientes/LDCT_temp/C095/1.000000-Low Dose Images-40418/1-276.dcm","526614","fa395e1420b23fd63dc107cbc1640c7740b0281fdaf64a876280b816a2c9631c","","","","datos DICOM externos"
"3-Pacientes/LDCT_temp/C095/1.000000-Low Dose Images-40418/1-277.dcm","526614","dc9d3efcb9a6f8c5ae7585636fc6b5fdb0facd2efe7189ed8acc1e00bfdb05ee","","","","datos DICOM externos"
"3-Pacientes/LDCT_temp/C095/1.000000-Low Dose Images-40418/1-278.dcm","526614","ec5f1d19a51637dc3503683df981fdc1be230beaa224ea5de86c35d465044557","","","","datos DICOM externos"
"3-Pacientes/LDCT_temp/C095/1.000000-Low Dose Images-40418/1-279.dcm","526614","5cedf2e0757dd2b3740989b091bed6758feb18c2c2554a9677c6c32ef14c5a80","","","","datos DICOM externos"
"3-Pacientes/LDCT_temp/C095/1.000000-Low Dose Images-40418/1-280.dcm","526614","d4f5b0a6bc73d3149d33231edf47674125c3ad340d6042da0bc6b390b003abb4","","","","datos DICOM externos"
"3-Pacientes/LDCT_temp/C095/1.000000-Low Dose Images-40418/1-281.dcm","526614","3e79ce7c4be045b70452fed6e903da8fb4d167fdf4cf5271f7827dc0299d045f","","","","datos DICOM externos"
"3-Pacientes/LDCT_temp/C095/1.000000-Low Dose Images-40418/1-282.dcm","526614","e4ba42e37b61bd224bb2849178489babb591c5d3b7e04259d640de3db187739d","","","","datos DICOM externos"
"3-Pacientes/LDCT_temp/C095/1.000000-Low Dose Images-40418/1-283.dcm","526614","8223628b1a13dfb14cc13742775f9b7188022aab46437f22ba585de9da7e5201","","","","datos DICOM externos"
"3-Pacientes/LDCT_temp/C095/1.000000-Low Dose Images-40418/1-284.dcm","526614","50984ff450941ab981cfa85d21c335750e908d439135ed45a689aa6843b093b1","","","","datos DICOM externos"
"3-Pacientes/LDCT_temp/C095/1.000000-Low Dose Images-40418/1-285.dcm","526614","9642cd19a90936d4e710e426f1bc99576bea40994eeaf938da6f905ebc4c4a9d","","","","datos DICOM externos"
"3-Pacientes/LDCT_temp/C095/1.000000-Low Dose Images-40418/1-286.dcm","526614","b095d9f58996119a3a6511204a5f1156ca4635ec0c715282f3ae82fe8a94e39b","","","","datos DICOM externos"
"3-Pacientes/LDCT_temp/C095/1.000000-Low Dose Images-40418/1-287.dcm","526614","4bdf805ec839259cd2c269cb0d22cc25dd7cf90c5e9b7f7c98725689683211dd","","","","datos DICOM externos"
"3-Pacientes/LDCT_temp/C095/1.000000-Low Dose Images-40418/1-288.dcm","526614","e957732a765c6edd73686663d0c5d0be8a8f7497441e56f685de97e4d7ea2e37","","","","datos DICOM externos"
"3-Pacientes/LDCT_temp/C095/1.000000-Low Dose Images-40418/1-289.dcm","526614","125d6cf3f8c518605d3d3aa5a4ea143f65199438774812ebcf3e27cffc279797","","","","datos DICOM externos"
"3-Pacientes/LDCT_temp/C095/1.000000-Low Dose Images-40418/1-290.dcm","526614","fa1b25820906b291e301f1f25cdfde3821cb93905262aec303315cd03b5a3fa4","","","","datos DICOM externos"
"3-Pacientes/LDCT_temp/C095/1.000000-Low Dose Images-40418/1-291.dcm","526614","9d82976c25e5a5f03b246bc1ae56d6e21d7e9b41aedbe96828f7c127604a8d92","","","","datos DICOM externos"
"3-Pacientes/LDCT_temp/C095/1.000000-Low Dose Images-40418/1-292.dcm","526614","e7b710e832555a460db414bab1721aa89484e9dfbdd0783cf24ee89fec9abd9a","","","","datos DICOM externos"
"3-Pacientes/LDCT_temp/C095/1.000000-Low Dose Images-40418/1-293.dcm","526614","8b1227325ef2337da4560a055d765f957fad5a4280739ab2fafe365640103986","","","","datos DICOM externos"
"3-Pacientes/LDCT_temp/C095/1.000000-Low Dose Images-40418/1-294.dcm","526614","6d5c6326278e0e45a99da865ecbc2bec549cbaae7d8c9a3d11b0863fb18c114d","","","","datos DICOM externos"
"3-Pacientes/LDCT_temp/C095/1.000000-Low Dose Images-40418/1-295.dcm","526614","2d2f9eaf39afc0dd96832695cd324e96e671151851cf297f66047de9bc76288c","","","","datos DICOM externos"
"3-Pacientes/LDCT_temp/C095/1.000000-Low Dose Images-40418/1-296.dcm","526614","7fece7410fffaccbc2fd1a3519d41c0fc31c3e816be4f245fc2c54f02bee2349","","","","datos DICOM externos"
"3-Pacientes/LDCT_temp/C095/1.000000-Low Dose Images-40418/1-297.dcm","526614","7e58dc8d578fff4aa159e18c706c00b314e057f9bfbd75aa83c53b8bd05a21d0","","","","datos DICOM externos"
"3-Pacientes/LDCT_temp/C095/1.000000-Low Dose Images-40418/1-298.dcm","526614","e1eea327e0a6f50fac5c4c5519e21d13169b9e1eb5976cca28aff233d2941599","","","","datos DICOM externos"
"3-Pacientes/LDCT_temp/C095/1.000000-Low Dose Images-40418/1-299.dcm","526610","92c2d8f855af93001248a884bcd245849f5fdc7ccd521c94aff87ef04ca857a5","","","","datos DICOM externos"
"3-Pacientes/LDCT_temp/C095/1.000000-Low Dose Images-40418/1-300.dcm","526614","f30f852c2ed1402ba066418f5113ad14fc512a3bae204a7bed041d142d5e1f5c","","","","datos DICOM externos"
"3-Pacientes/LDCT_temp/C095/1.000000-Low Dose Images-40418/1-301.dcm","526614","1a146b0e6733ea88489c8063f547dce45048b1d324953f95bc7bbfc714b76bae","","","","datos DICOM externos"
"3-Pacientes/LDCT_temp/C095/1.000000-Low Dose Images-40418/1-302.dcm","526614","f26fb1a35523059b07f1ea825a11053dd847f5aa28a2c3738d454b7b5496f347","","","","datos DICOM externos"
"3-Pacientes/LDCT_temp/C095/1.000000-Low Dose Images-40418/1-303.dcm","526614","a84f55834a34f4e1a9ef1ed53fb7946bbc1b568634e620cde9951c064d75cd9e","","","","datos DICOM externos"
"3-Pacientes/LDCT_temp/C095/1.000000-Low Dose Images-40418/1-304.dcm","526614","87f6825ec2cf9e288ad8624828f66c484011761a93ed3f0afaf2be6c51a77bbd","","","","datos DICOM externos"
"3-Pacientes/LDCT_temp/C095/1.000000-Low Dose Images-40418/1-305.dcm","526614","e34fc41c5344ba76716b6aa70a0441fb2213ae8e62f0f5340ea59663499e59cb","","","","datos DICOM externos"
"3-Pacientes/LDCT_temp/C095/1.000000-Low Dose Images-40418/1-306.dcm","526614","cb73feafa443812dec089faa7afbe17010bca8dd6fbdb5bc6febb41ecfb5ef69","","","","datos DICOM externos"
"3-Pacientes/LDCT_temp/C095/1.000000-Low Dose Images-40418/1-307.dcm","526614","917252b24777a037cd87e8c1aca8e6dd38623c3bdc3d825e5bb61521cd94a052","","","","datos DICOM externos"
"3-Pacientes/LDCT_temp/C095/1.000000-Low Dose Images-40418/1-308.dcm","526614","ac5515cf7a4986aadba8f2ba818f2ef6597e36b855de44e9617509627c522e8a","","","","datos DICOM externos"
"3-Pacientes/LDCT_temp/C095/1.000000-Low Dose Images-40418/1-309.dcm","526614","bbbe50811c9fad328d16096150c671498fa9da8e272fba9fa26f937e0ad59881","","","","datos DICOM externos"
"3-Pacientes/LDCT_temp/C095/1.000000-Low Dose Images-40418/1-310.dcm","526614","54b0c4cdc60e67b610f83d47e8dd2ec875ce5f7b25c15f7c98347a4cdf2cbb70","","","","datos DICOM externos"
"3-Pacientes/LDCT_temp/C095/1.000000-Low Dose Images-40418/1-311.dcm","526614","b400bce10755386b654a130685dc00d9e92b509dd86a41df2b6f720c9f663e35","","","","datos DICOM externos"
"3-Pacientes/LDCT_temp/C095/1.000000-Low Dose Images-40418/1-312.dcm","526614","ffc45cba6579a99009cda315c5524d6844538171f66a83719b484f12343b8d73","","","","datos DICOM externos"
"3-Pacientes/LDCT_temp/C095/1.000000-Low Dose Images-40418/1-313.dcm","526614","46664d2cb5f718523c5583a1842880534a99f23372e50b717013b6661624d30e","","","","datos DICOM externos"
"3-Pacientes/LDCT_temp/C095/1.000000-Low Dose Images-40418/1-314.dcm","526614","122135cece2eddcdaae685861c76da670995fe068fe23164954356102c97ca90","","","","datos DICOM externos"
"3-Pacientes/LDCT_temp/C095/1.000000-Low Dose Images-40418/1-315.dcm","526614","e5ae49ef23ec54bfb79860eaf425809e01fe9d4267e71386ef1073f8c031f210","","","","datos DICOM externos"
"3-Pacientes/LDCT_temp/C095/1.000000-Low Dose Images-40418/1-316.dcm","526614","48fbfef022056e8cc5395223abafbb4214f589043d5f37c46788714d2ee38b8a","","","","datos DICOM externos"
"3-Pacientes/LDCT_temp/C095/1.000000-Low Dose Images-40418/1-317.dcm","526614","f8b7227171884f385167a1bbbd8ef0c8dcc00cc27104030c96daedb8e221f9bb","","","","datos DICOM externos"
"3-Pacientes/LDCT_temp/C095/1.000000-Low Dose Images-40418/1-318.dcm","526614","fa10661567a99de1bc10d53a049abc15ba8e7ec0274a3f9c57075660ae3bf7e8","","","","datos DICOM externos"
"3-Pacientes/LDCT_temp/C095/1.000000-Low Dose Images-40418/1-319.dcm","526614","c6c304cfb26eb9e5f0f29783225ed75541f0c8d86411d21eb66674028b04d4e1","","","","datos DICOM externos"
"3-Pacientes/LDCT_temp/C095/1.000000-Low Dose Images-40418/1-320.dcm","526614","dfb64d9968640d3222098abf0ef160b87f9e4d742b98956408475e4398af46a0","","","","datos DICOM externos"
"3-Pacientes/LDCT_temp/C095/1.000000-Low Dose Images-40418/1-321.dcm","526614","baff17c9bbbc14e4430fa5b17c3d793631db45bfbdfff72d5bf4bdc053dfa567","","","","datos DICOM externos"
"3-Pacientes/LDCT_temp/C095/1.000000-Low Dose Images-40418/1-322.dcm","526614","5d445cd52eb1c91c60bcbda4368bbf4201af3ca66180a40e6bf62264bece3f41","","","","datos DICOM externos"
"3-Pacientes/LDCT_temp/L160/1.000000-Full Dose Images-05601/1-001.dcm","526598","6fd2141cb581a46528f1f1c258173c8bd5e8a241f2c661d30dbff04e6bb6a3fe","","","","datos DICOM externos"
"3-Pacientes/LDCT_temp/L160/1.000000-Full Dose Images-05601/1-002.dcm","526598","5db4ca470779e79d1e626f3016a5f476488d703428e213ff3935c1ce554a5560","","","","datos DICOM externos"
"3-Pacientes/LDCT_temp/L160/1.000000-Full Dose Images-05601/1-003.dcm","526598","dcefd38aa35aa0ef9fc8143c0d2bc5a4545e06b06def30cfc150e6bd7fa30d63","","","","datos DICOM externos"
"3-Pacientes/LDCT_temp/L160/1.000000-Full Dose Images-05601/1-004.dcm","526598","a494134e0e77ff5f9945265f4f683eb803403798bea6db4c39417d97fab107ca","","","","datos DICOM externos"
"3-Pacientes/LDCT_temp/L160/1.000000-Full Dose Images-05601/1-005.dcm","526594","7c6a0d518bc7b4c68cd9a590e8b80f21a96b8cca4804d4ce6ede3dd140f4a1e1","","","","datos DICOM externos"
"3-Pacientes/LDCT_temp/L160/1.000000-Full Dose Images-05601/1-006.dcm","526594","4b5f4da397b20bcc54cfa8292a58648628952260a0a19f50372fd7fb98e3278b","","","","datos DICOM externos"
"3-Pacientes/LDCT_temp/L160/1.000000-Full Dose Images-05601/1-007.dcm","526594","ee7f72dd4894d38c0a4e8bfc9dbaa9102a1feb2fb2a4cd460a500fc33811d202","","","","datos DICOM externos"
"3-Pacientes/LDCT_temp/L160/1.000000-Full Dose Images-05601/1-008.dcm","526598","e7484b8f419fee8ce5983136def955eafa7550cd96f4a6365d542d3e2c91978c","","","","datos DICOM externos"
"3-Pacientes/LDCT_temp/L160/1.000000-Full Dose Images-05601/1-009.dcm","526598","da1c8837e9f256c7707ccb0edf33a4667b91cd387ac88933e428e388ad5f0bbe","","","","datos DICOM externos"
"3-Pacientes/LDCT_temp/L160/1.000000-Full Dose Images-05601/1-010.dcm","526598","c1063b50d7d3e3717483e9192686528b9661f82a01bf92f2c69778eb9f1bb90b","","","","datos DICOM externos"
"3-Pacientes/LDCT_temp/L160/1.000000-Full Dose Images-05601/1-011.dcm","526598","f059597291853f527afb291944f21baf87d6276c3fd9c17f078e0462a1f0c6a1","","","","datos DICOM externos"
"3-Pacientes/LDCT_temp/L160/1.000000-Full Dose Images-05601/1-012.dcm","526598","85c72477c728cd5ea9d5eb007a588f7591a4a40c7a581c4dfc141a28a94ecdec","","","","datos DICOM externos"
"3-Pacientes/LDCT_temp/L160/1.000000-Full Dose Images-05601/1-013.dcm","526598","3cad055ede7972103501011b788f2157bf8dcfe8fab7eac2a2bed501e6ba1117","","","","datos DICOM externos"
"3-Pacientes/LDCT_temp/L160/1.000000-Full Dose Images-05601/1-014.dcm","526598","62ed6e66e4a6d26cdca1b3c9fb010e68da5e38bf724cf29d692e974447bccf8f","","","","datos DICOM externos"
"3-Pacientes/LDCT_temp/L160/1.000000-Full Dose Images-05601/1-015.dcm","526598","4427104a66da63ac9a7eed4e3c51eada51306e08a3b2325d46d603fa9605c4d9","","","","datos DICOM externos"
"3-Pacientes/LDCT_temp/L160/1.000000-Full Dose Images-05601/1-016.dcm","526598","8215704a881e114545a9845e4f8f7ecf7f6dc330e79919a60b014c75ff80bb8d","","","","datos DICOM externos"
"3-Pacientes/LDCT_temp/L160/1.000000-Full Dose Images-05601/1-017.dcm","526598","2a534625556f2adfccc7a6403423f44db0dd4a2651d60f662a51b9fd7da3eaab","","","","datos DICOM externos"
"3-Pacientes/LDCT_temp/L160/1.000000-Full Dose Images-05601/1-018.dcm","526598","01c7a4fb61357ea1f5ed7f3498fae5e4a00b12c39e2bae023bf6f056cfc2baff","","","","datos DICOM externos"
"3-Pacientes/LDCT_temp/L160/1.000000-Full Dose Images-05601/1-019.dcm","526598","889e5b952048529d51527b1d8ec9baa370e640cb800ab4d4b47c35da02f1fa98","","","","datos DICOM externos"
"3-Pacientes/LDCT_temp/L160/1.000000-Full Dose Images-05601/1-020.dcm","526598","8b6007c01fd38472e82a93bfb243a91474e72b36f87f178d67ff040772067784","","","","datos DICOM externos"
"3-Pacientes/LDCT_temp/L160/1.000000-Full Dose Images-05601/1-021.dcm","526594","3067a9b899b4343526bba068911b3118736448d3fdc46f2dda058bb4f36b6817","","","","datos DICOM externos"
"3-Pacientes/LDCT_temp/L160/1.000000-Full Dose Images-05601/1-022.dcm","526598","7a1fc6bd3d615dc6c009bd081f772cee176a05376341ee78a38dc663b2cbeab2","","","","datos DICOM externos"
"3-Pacientes/LDCT_temp/L160/1.000000-Full Dose Images-05601/1-023.dcm","526598","99341239124a6063ce7fa83bdedec5556042c74b7be97015dc3adcd16ce87044","","","","datos DICOM externos"
"3-Pacientes/LDCT_temp/L160/1.000000-Full Dose Images-05601/1-024.dcm","526598","06b54f1f5c753d37583b9f0deff950410c92d9919c99631cf83058ca1fe7eab3","","","","datos DICOM externos"
"3-Pacientes/LDCT_temp/L160/1.000000-Full Dose Images-05601/1-025.dcm","526598","20a038c2692db9993a42880855afbc9dd8bedc224a1ddeaefb9c246bee15e485","","","","datos DICOM externos"
"3-Pacientes/LDCT_temp/L160/1.000000-Full Dose Images-05601/1-026.dcm","526598","e41ef074f7613e353f1536d710ab563626d357758748b93ca4c03668abb46399","","","","datos DICOM externos"
"3-Pacientes/LDCT_temp/L160/1.000000-Full Dose Images-05601/1-027.dcm","526598","8709bd4260ffe1f4f70cc7363457a994726b8922e2c8f68022b66d9da8889e00","","","","datos DICOM externos"
"3-Pacientes/LDCT_temp/L160/1.000000-Full Dose Images-05601/1-028.dcm","526598","bdcec394ef98e92b09df037a6ce429875137f126fe4666df3992005e46d101b9","","","","datos DICOM externos"
"3-Pacientes/LDCT_temp/L160/1.000000-Full Dose Images-05601/1-029.dcm","526598","61ed93a05b6b4775a242daf8124cb4ba402e51b213542c9fb157de5db00fe8b4","","","","datos DICOM externos"
"3-Pacientes/LDCT_temp/L160/1.000000-Full Dose Images-05601/1-030.dcm","526598","4253f7fc81ace109989ff687e6f6f6b0467cd5e65d1c1b2b55bf8fe7e52751e1","","","","datos DICOM externos"
"3-Pacientes/LDCT_temp/L160/1.000000-Full Dose Images-05601/1-031.dcm","526598","ab49c87a1eec160c4cfd00f8f32bb3abf5a993b8b0b8cea8ff8919ca80028788","","","","datos DICOM externos"
"3-Pacientes/LDCT_temp/L160/1.000000-Full Dose Images-05601/1-032.dcm","526598","c3966bcf4539dcaf0189301dd56dfb0ecdeb2426814efbfdf2354921977e472f","","","","datos DICOM externos"
"3-Pacientes/LDCT_temp/L160/1.000000-Full Dose Images-05601/1-033.dcm","526598","8eb33c1bfd05f9d6e489d8f5a24c25793b01e278ee404edebb6f331df64b8fd4","","","","datos DICOM externos"
"3-Pacientes/LDCT_temp/L160/1.000000-Full Dose Images-05601/1-034.dcm","526598","e8246a9ef0a46f67166851b67ee14b331500dbf6519e1c8460aa5ed8d8fd7fb5","","","","datos DICOM externos"
"3-Pacientes/LDCT_temp/L160/1.000000-Full Dose Images-05601/1-035.dcm","526598","bcd97ec7520fe365dda4aac63bf36efa0eae7013fa442a3fb12dd25d62df8d4e","","","","datos DICOM externos"
"3-Pacientes/LDCT_temp/L160/1.000000-Full Dose Images-05601/1-036.dcm","526598","44fcf482c4a90aac3674d372ac5eb17608192b74ac5a918b0d333f577513ad68","","","","datos DICOM externos"
"3-Pacientes/LDCT_temp/L160/1.000000-Full Dose Images-05601/1-037.dcm","526598","76e9192593e992a5d38ac349928e9f58b16af77b5c647f7e91d44eb52d0b1e86","","","","datos DICOM externos"
"3-Pacientes/LDCT_temp/L160/1.000000-Full Dose Images-05601/1-038.dcm","526598","b230455f42c7b162ac6c2d3f95fb30f081c073dfc4773e6a08c73d287d585f1b","","","","datos DICOM externos"
"3-Pacientes/LDCT_temp/L160/1.000000-Full Dose Images-05601/1-039.dcm","526598","31ba9626558743a14a5ec039ef58a0da813c710268dc8304ab52c2f86fbf9f6f","","","","datos DICOM externos"
"3-Pacientes/LDCT_temp/L160/1.000000-Full Dose Images-05601/1-040.dcm","526598","5c0874396ee733f299d0c7496b9b40d4c1ca19605d884b4256e2114774049331","","","","datos DICOM externos"
"3-Pacientes/LDCT_temp/L160/1.000000-Full Dose Images-05601/1-041.dcm","526602","3a1434859247661f8166591da156ee92d2fada260352b5b730b69074a0b616b6","","","","datos DICOM externos"
"3-Pacientes/LDCT_temp/L160/1.000000-Full Dose Images-05601/1-042.dcm","526602","29e305102aed44fb717291893e2653902aab3d188db46c198472d92abebf8183","","","","datos DICOM externos"
"3-Pacientes/LDCT_temp/L160/1.000000-Full Dose Images-05601/1-043.dcm","526602","a6ec19fb60376c51875576a6856b4b2acb3a2ed37e1255ba6910f96889e5a259","","","","datos DICOM externos"
"3-Pacientes/LDCT_temp/L160/1.000000-Full Dose Images-05601/1-044.dcm","526602","d80a499ceee4595a3ca76a384aa9f6c6c387942a6167c72d6d56efc4a0fe8514","","","","datos DICOM externos"
"3-Pacientes/LDCT_temp/L160/1.000000-Full Dose Images-05601/1-045.dcm","526602","3781d6fb3c4442e8bab0f7e3baab0b00a08e6613d10a1dd3658f3314d76d7ddb","","","","datos DICOM externos"
"3-Pacientes/LDCT_temp/L160/1.000000-Full Dose Images-05601/1-046.dcm","526602","65932b89aa15ccea7d185036da6c724061b843c82d8a9a0c976237088ecd49bb","","","","datos DICOM externos"
"3-Pacientes/LDCT_temp/L160/1.000000-Full Dose Images-05601/1-047.dcm","526602","74b219bdcd19600eae741e86240851aad06574f396d60a3996ef5d9c9bb0964d","","","","datos DICOM externos"
"3-Pacientes/LDCT_temp/L160/1.000000-Full Dose Images-05601/1-048.dcm","526602","37695b57f772f4a0b405540934313484f209da38ce226d5b2e3687db0e00e96c","","","","datos DICOM externos"
"3-Pacientes/LDCT_temp/L160/1.000000-Full Dose Images-05601/1-049.dcm","526602","12136039d1afc9bff55fb191aa7e55406c31f00ac28e287abf0306c0f6c2b933","","","","datos DICOM externos"
"3-Pacientes/LDCT_temp/L160/1.000000-Full Dose Images-05601/1-050.dcm","526602","3568d3b70451d33d9e36017ccba48a502420cb8881e805a81cf594f62adb2ca7","","","","datos DICOM externos"
"3-Pacientes/LDCT_temp/L160/1.000000-Full Dose Images-05601/1-051.dcm","526602","92f205fcf9c5e4126d40d850a523f097375e872f150946a33c092bb5b1e90fb8","","","","datos DICOM externos"
"3-Pacientes/LDCT_temp/L160/1.000000-Full Dose Images-05601/1-052.dcm","526602","07ea5e053aebe8c76d27ea9f50a5a4c91205f8e29d882c3b2ab0c0ffb17cd791","","","","datos DICOM externos"
"3-Pacientes/LDCT_temp/L160/1.000000-Full Dose Images-05601/1-053.dcm","526602","25e7cc407d15c1767247ee4face665f60aaadc33a874cbe3bfc6b117c21481b0","","","","datos DICOM externos"
"3-Pacientes/LDCT_temp/L160/1.000000-Full Dose Images-05601/1-054.dcm","526602","01b2e3494755e1160de901be7a3dd3dfbbf34b95c6dd80659b4c98f06dd9f159","","","","datos DICOM externos"
"3-Pacientes/LDCT_temp/L160/1.000000-Full Dose Images-05601/1-055.dcm","526602","d22eba70f017e5fbebe3654cf8b9c86f9d7abac609a2d71e7df1e33b70b050b9","","","","datos DICOM externos"
"3-Pacientes/LDCT_temp/L160/1.000000-Full Dose Images-05601/1-056.dcm","526602","8a6e8c0dde1990e106417b9d6a884de21ed7d2ce5edacd469d65236060175e63","","","","datos DICOM externos"
"3-Pacientes/LDCT_temp/L160/1.000000-Full Dose Images-05601/1-057.dcm","526602","3ba96d05d4abf431b4cf218bc4f5ab2c561e6fa26c3ac754f4e10be73d1ef173","","","","datos DICOM externos"
"3-Pacientes/LDCT_temp/L160/1.000000-Full Dose Images-05601/1-058.dcm","526602","99e2796033fabbe9062ff4243bbd3bda378b010bc03f82bb75a76c497bb61a78","","","","datos DICOM externos"
"3-Pacientes/LDCT_temp/L160/1.000000-Full Dose Images-05601/1-059.dcm","526602","760717180bb452bd5ac92263a0f765659c92c022c27978c35c849a179c012a5f","","","","datos DICOM externos"
"3-Pacientes/LDCT_temp/L160/1.000000-Full Dose Images-05601/1-060.dcm","526602","0180317b478a7364e6198790ad91180b12dbf23c7f01ad3eb6585105eca6a464","","","","datos DICOM externos"
"3-Pacientes/LDCT_temp/L160/1.000000-Full Dose Images-05601/1-061.dcm","526602","42156eb2c40c4959bac043d54b6bf36f8755eed234c5bc4c663d993191cf5c20","","","","datos DICOM externos"
"3-Pacientes/LDCT_temp/L160/1.000000-Full Dose Images-05601/1-062.dcm","526602","f8063785558684bf56e68a0f780e22b01104eeaedcfa882471ce38a86e29b2ec","","","","datos DICOM externos"
"3-Pacientes/LDCT_temp/L160/1.000000-Full Dose Images-05601/1-063.dcm","526602","808b49cdfbfaa5cff664259bf55591f1074910582efeeb28536f7697806842f7","","","","datos DICOM externos"
"3-Pacientes/LDCT_temp/L160/1.000000-Full Dose Images-05601/1-064.dcm","526602","ebe9ee1fbede3c4fde120441c29dfe379d9e9b73761b6343caa86d38f80534d3","","","","datos DICOM externos"
"3-Pacientes/LDCT_temp/L160/1.000000-Full Dose Images-05601/1-065.dcm","526602","89eebbc12d9d994112c9f487e9333cd2a758d0d1b5bcda126f20524bca128794","","","","datos DICOM externos"
"3-Pacientes/LDCT_temp/L160/1.000000-Full Dose Images-05601/1-066.dcm","526602","ee2a08a33a6b50e1bc03ce3ca133ae8a1b361242179bf55539fda6dd34ae1765","","","","datos DICOM externos"
"3-Pacientes/LDCT_temp/L160/1.000000-Full Dose Images-05601/1-067.dcm","526602","dc652bd4032fa6dfc4128618dbcef4eafda7ed6872b759508634f3d6db62f9c5","","","","datos DICOM externos"
"3-Pacientes/LDCT_temp/L160/1.000000-Full Dose Images-05601/1-068.dcm","526602","d745f6c1f81e85781cf398328cec545715d27e4bc59da89daf320da580b877e9","","","","datos DICOM externos"
"3-Pacientes/LDCT_temp/L160/1.000000-Full Dose Images-05601/1-069.dcm","526602","d1f9a6dd7fe1d34efa9308d7c1a2195951e9093f28623a36cc3eb1d46ef04ab7","","","","datos DICOM externos"
"3-Pacientes/LDCT_temp/L160/1.000000-Full Dose Images-05601/1-070.dcm","526602","e8fea07575f4bd12f6b28ff82c4542e99dd8bea042503aa1f5c12996510a2370","","","","datos DICOM externos"
"3-Pacientes/LDCT_temp/L160/1.000000-Full Dose Images-05601/1-071.dcm","526602","02c936bc9b636f6c891e4bf9a884a5968e946be1228d1d6e74a2d521cd1ce001","","","","datos DICOM externos"
"3-Pacientes/LDCT_temp/L160/1.000000-Full Dose Images-05601/1-072.dcm","526602","fde68d608bab0e5b23d23d38a12ff95b2c014eec0f7b16ca4eb61a6186695a13","","","","datos DICOM externos"
"3-Pacientes/LDCT_temp/L160/1.000000-Full Dose Images-05601/1-073.dcm","526602","f8d2e2211e4944b658492056aaa9a19efa91f038b157ba46335d28bdbc3881aa","","","","datos DICOM externos"
"3-Pacientes/LDCT_temp/L160/1.000000-Full Dose Images-05601/1-074.dcm","526602","8e310f811ec1f880f344497ae2046f2491d4aa7bba593140ed0136e83650457c","","","","datos DICOM externos"
"3-Pacientes/LDCT_temp/L160/1.000000-Full Dose Images-05601/1-075.dcm","526602","83b9a82d06a653499cca479f927975b9439dd72ad14f56e68690ee397bcce301","","","","datos DICOM externos"
"3-Pacientes/LDCT_temp/L160/1.000000-Full Dose Images-05601/1-076.dcm","526602","b8e2bac4f9ee53fefe6a4caac222f14c84a779ec5c866317e77038f415b0aef0","","","","datos DICOM externos"
"3-Pacientes/LDCT_temp/L160/1.000000-Full Dose Images-05601/1-077.dcm","526600","27d54c7bc96a88c133d54eb1c196a21d6c11a7a38f17849f4a5ba7edae2a5a94","","","","datos DICOM externos"
"3-Pacientes/LDCT_temp/L160/1.000000-Full Dose Images-05601/1-078.dcm","526602","d7d1e73c659bf0d9bc8913b4d5f7e24e87fac3c9616001465e9c22d7c95c6e86","","","","datos DICOM externos"
"3-Pacientes/LDCT_temp/L160/1.000000-Full Dose Images-05601/1-079.dcm","526602","b998f19948e25e4b18fbf2453044cc2d298eb02e0cbbd20e91d91e95afacf48c","","","","datos DICOM externos"
"3-Pacientes/LDCT_temp/L160/1.000000-Full Dose Images-05601/1-080.dcm","526602","5af6ec2ff5d36675270cae002c4e2bb7b88a0d4457007584562b95cdd4543ec2","","","","datos DICOM externos"
"3-Pacientes/LDCT_temp/L160/1.000000-Full Dose Images-05601/1-081.dcm","526602","f94bd00b88deae840d112837736f8e2d83d8825e7076d9ca901b9e008b6ffbc5","","","","datos DICOM externos"
"3-Pacientes/LDCT_temp/L160/1.000000-Full Dose Images-05601/1-082.dcm","526602","839259b5fb9a24e10a28cbf9547f10b6eefda2afe93720b2e04b884ae1057589","","","","datos DICOM externos"
"3-Pacientes/LDCT_temp/L160/1.000000-Full Dose Images-05601/1-083.dcm","526602","2bad31b13ca212ea4a7f2341906c49724e3f40375baac970f068de81e547a660","","","","datos DICOM externos"
"3-Pacientes/LDCT_temp/L160/1.000000-Full Dose Images-05601/1-084.dcm","526602","8c8a0a8b911bf5054f4cafea6ddc9e3b3320269d2551725f2b39d98daeefcf36","","","","datos DICOM externos"
"3-Pacientes/LDCT_temp/L160/1.000000-Full Dose Images-05601/1-085.dcm","526600","d04c7eaecd7872ab24cbd3d777532e5420c3a0a828357b5212f3f430ecc1f1f7","","","","datos DICOM externos"
"3-Pacientes/LDCT_temp/L160/1.000000-Full Dose Images-05601/1-086.dcm","526602","1482257129da800ec884cce703f4a598b6d48e371d902e442e70c04d79d3994d","","","","datos DICOM externos"
"3-Pacientes/LDCT_temp/L160/1.000000-Full Dose Images-05601/1-087.dcm","526602","4b25e15a21ff6ce7c7548d47e9efe0cc0362593a6fb939eb1340dc076bbd3fcb","","","","datos DICOM externos"
"3-Pacientes/LDCT_temp/L160/1.000000-Full Dose Images-05601/1-088.dcm","526602","7d9ff7b9a9cafa2befb15272a59b70b19eca07dbcbe964ccfc6986fd5a83c2c9","","","","datos DICOM externos"
"3-Pacientes/LDCT_temp/L160/1.000000-Full Dose Images-05601/1-089.dcm","526602","8b180ee78b8b11b1abee49138ef651d45a16bc90a46b63685cd9ff5fc2d4360c","","","","datos DICOM externos"
"3-Pacientes/LDCT_temp/L160/1.000000-Full Dose Images-05601/1-090.dcm","526602","a2fdd8722c0ddd83b6088f49d9c3fb5bcb0490744e7e74a8f07ac7e524e2425b","","","","datos DICOM externos"
"3-Pacientes/LDCT_temp/L160/1.000000-Full Dose Images-05601/1-091.dcm","526602","80938bae448c0b4895fcd865fad8cf3af9eaf907c151af932db512a8193c9ffe","","","","datos DICOM externos"
"3-Pacientes/LDCT_temp/L160/1.000000-Full Dose Images-05601/1-092.dcm","526602","2da426de12e519965af80e84abfd8c5a248a7b5c594936a760e998c2af74c4bf","","","","datos DICOM externos"
"3-Pacientes/LDCT_temp/L160/1.000000-Full Dose Images-05601/1-093.dcm","526602","144af8cb7a2754aad1ea66597c99ac91435ff754d2ede5e77b277d940ec6b5d7","","","","datos DICOM externos"
"3-Pacientes/LDCT_temp/L160/1.000000-Full Dose Images-05601/1-094.dcm","526602","3d85ff44614b49d5a52a78b8188fc618b3238e7239c605c286cd6af3d86e09c5","","","","datos DICOM externos"
"3-Pacientes/LDCT_temp/L160/1.000000-Full Dose Images-05601/1-095.dcm","526602","c28d4c42c26a648a91792f75193b4a9f94ab3efc9279c9ae64a72cfe5bcb2c53","","","","datos DICOM externos"
"3-Pacientes/LDCT_temp/L160/1.000000-Full Dose Images-05601/1-096.dcm","526602","7e85748a4bf33629ca17653547a142aa736ad31ef10e2bfb4d368c509f949907","","","","datos DICOM externos"
"3-Pacientes/LDCT_temp/L160/1.000000-Full Dose Images-05601/1-097.dcm","526602","df228b5f1ee65267472a61c9b9ba200d2f9442305c00af95c2ffe08ba62c8119","","","","datos DICOM externos"
"3-Pacientes/LDCT_temp/L160/1.000000-Full Dose Images-05601/1-098.dcm","526602","405916f43369efed7228117c03c42003e52ab11b3ef3bd9b1489dfa84f5fc520","","","","datos DICOM externos"
"3-Pacientes/LDCT_temp/L160/1.000000-Full Dose Images-05601/1-099.dcm","526598","02b8611b7cf3a339395a30a4d269b0b56328ea02b09b5e8a5bd2d138eac5af73","","","","datos DICOM externos"
"3-Pacientes/LDCT_temp/L160/1.000000-Full Dose Images-05601/1-100.dcm","526604","10a7226a46f62fc807f459de9d4ed8d23f3248fba38cbf80fcd5d60c3eac3889","","","","datos DICOM externos"
"3-Pacientes/LDCT_temp/L160/1.000000-Full Dose Images-05601/1-101.dcm","526604","6715a46cefeb89dc2c03bdbaa9fe112d972254378dbcecba6a940b940b36707f","","","","datos DICOM externos"
"3-Pacientes/LDCT_temp/L160/1.000000-Full Dose Images-05601/1-102.dcm","526604","6539f055ab064d4b4cb34d6219c0ce690ce64b73d74014ca0c0af944afacab1e","","","","datos DICOM externos"
"3-Pacientes/LDCT_temp/L160/1.000000-Full Dose Images-05601/1-103.dcm","526604","85a68905436b598bb9543b663baee0a4ea1b1947e2e44389b981f6012f271105","","","","datos DICOM externos"
"3-Pacientes/LDCT_temp/L160/1.000000-Full Dose Images-05601/1-104.dcm","526604","dfbd854352876c4711e87a81d05487d112e8ab42bc94252580b6ae322851d992","","","","datos DICOM externos"
"3-Pacientes/LDCT_temp/L160/1.000000-Full Dose Images-05601/1-105.dcm","526604","f7f59d8c2927bb497fe9fc47cf6a32478abd32264207aa36ae99f27f9a3bafd2","","","","datos DICOM externos"
"3-Pacientes/LDCT_temp/L160/1.000000-Full Dose Images-05601/1-106.dcm","526604","cd9069e7dcdf6426df8c8ac536bb2902371b2792857406512ab514e5db38b266","","","","datos DICOM externos"
"3-Pacientes/LDCT_temp/L160/1.000000-Full Dose Images-05601/1-107.dcm","526604","1cf0c11407cdaa94f5150e87649c60fa6e53bb020887f9764be19b1f82469c27","","","","datos DICOM externos"
"3-Pacientes/LDCT_temp/L160/1.000000-Full Dose Images-05601/1-108.dcm","526604","58bd29949fb1b2c7e5743fe22c50a28bc49660ce6829b6fccdc243b0057bf0ec","","","","datos DICOM externos"
"3-Pacientes/LDCT_temp/L160/1.000000-Full Dose Images-05601/1-109.dcm","526604","5fd4bd1ddbbc3e34b6cab033430a0e3e2770411dc3074f6c624a58194ff63ff7","","","","datos DICOM externos"
"3-Pacientes/LDCT_temp/L160/1.000000-Full Dose Images-05601/1-110.dcm","526604","a7832da35fc99142d096a226e4477be5daac38a01465bec97c82b3eb1c0936ce","","","","datos DICOM externos"
"3-Pacientes/LDCT_temp/L160/1.000000-Full Dose Images-05601/1-111.dcm","526604","1c54869454f1c0077627238a79ba96f1c11a936aa304052a1ce7078ea3b0430f","","","","datos DICOM externos"
"3-Pacientes/LDCT_temp/L160/1.000000-Full Dose Images-05601/1-112.dcm","526600","1373e8546eaafffde6ad7eed0ca53ffe6d364dfe6ed1fb68158e80e853041c5a","","","","datos DICOM externos"
"3-Pacientes/LDCT_temp/L160/1.000000-Full Dose Images-05601/1-113.dcm","526604","d8e3d3af6606dbe60df9f8d434724cda1bf21872212271d05926a8514d5a2d63","","","","datos DICOM externos"
"3-Pacientes/LDCT_temp/L160/1.000000-Full Dose Images-05601/1-114.dcm","526604","68863c798e28192f262b5cd50c204194ed1662cb32d337177b74f55890a32f6e","","","","datos DICOM externos"
"3-Pacientes/LDCT_temp/L160/1.000000-Full Dose Images-05601/1-115.dcm","526604","7dda11fdb470462ab9af2cd46bbdb890fe804d6c8d571614f3f04540d7b4389a","","","","datos DICOM externos"
"3-Pacientes/LDCT_temp/L160/1.000000-Low Dose Images-08864/1-001.dcm","526598","33b97f1dc4f055efeef7916603a9e31d2153c2b7b18958751a30c2e3a640d43f","","","","datos DICOM externos"
"3-Pacientes/LDCT_temp/L160/1.000000-Low Dose Images-08864/1-002.dcm","526600","feea3384bc5cffb7b2b03d22adc535a575e744ea0ada28187210962f8f09dbb5","","","","datos DICOM externos"
"3-Pacientes/LDCT_temp/L160/1.000000-Low Dose Images-08864/1-003.dcm","526600","614ee535ff0ee9554e056393aa973cb6870458b76b8f69ee11d8067325c283ca","","","","datos DICOM externos"
"3-Pacientes/LDCT_temp/L160/1.000000-Low Dose Images-08864/1-004.dcm","526600","f9d60baa8f1396f6f3eeff97b303394ed748b40cba8b8087e59393347667d2a2","","","","datos DICOM externos"
"3-Pacientes/LDCT_temp/L160/1.000000-Low Dose Images-08864/1-005.dcm","526596","1568021dc1fb5c948f13ca37309355d21cd5f9f0fbf854a1d99a2cab65fc52dc","","","","datos DICOM externos"
"3-Pacientes/LDCT_temp/L160/1.000000-Low Dose Images-08864/1-006.dcm","526596","db71dcac6fdcf8aec807112aef1bf458f582eccadf9b416c053210e053fffb0c","","","","datos DICOM externos"
"3-Pacientes/LDCT_temp/L160/1.000000-Low Dose Images-08864/1-007.dcm","526596","83fff77641297dc57a9ec5b7d5511c7a49da58d1269bc5cbfd8d043cfdebbe87","","","","datos DICOM externos"
"3-Pacientes/LDCT_temp/L160/1.000000-Low Dose Images-08864/1-008.dcm","526600","b4c3b62f0ef2b5248b8d40c2dc46ad25d30ca9dd0c91a65b252995184779d1cc","","","","datos DICOM externos"
"3-Pacientes/LDCT_temp/L160/1.000000-Low Dose Images-08864/1-009.dcm","526600","646d2a01299595a4e78758e6fc5ed5f8ed4bd6cae4dffc1967dcd1ecf2635b8a","","","","datos DICOM externos"
"3-Pacientes/LDCT_temp/L160/1.000000-Low Dose Images-08864/1-010.dcm","526600","30f7b0704e0741397504de858c113a3017bc969fcb293cdc180846d54c01ed39","","","","datos DICOM externos"
"3-Pacientes/LDCT_temp/L160/1.000000-Low Dose Images-08864/1-011.dcm","526600","2d5df87a0c3eb72be0a168fc1c1c5e7cc56c849f66c77efc68aae11aa2a4f6a6","","","","datos DICOM externos"
"3-Pacientes/LDCT_temp/L160/1.000000-Low Dose Images-08864/1-012.dcm","526600","c02d5b62c0a1f1254f7039723705acd333bc783594ab683c2dbb5a4411db7a2a","","","","datos DICOM externos"
"3-Pacientes/LDCT_temp/L160/1.000000-Low Dose Images-08864/1-013.dcm","526600","8ab9bcb8c254b3098a9ae93563cf74ba8e9a39adaad8f842548dba3f1aa05908","","","","datos DICOM externos"
"3-Pacientes/LDCT_temp/L160/1.000000-Low Dose Images-08864/1-014.dcm","526600","e05941f177de444a43f1cc32874d4db3464c6f8d9e5bf4617f14fbfd3259e485","","","","datos DICOM externos"
"3-Pacientes/LDCT_temp/L160/1.000000-Low Dose Images-08864/1-015.dcm","526600","0e813bdbfcc9b0e33f09a784213b01a1da1b55465460808e01d3b69b344e8327","","","","datos DICOM externos"
"3-Pacientes/LDCT_temp/L160/1.000000-Low Dose Images-08864/1-016.dcm","526600","f59cfe0daef94e73fd3f472e58bc44ce42ca950b803bccbbda0f5183142fe907","","","","datos DICOM externos"
"3-Pacientes/LDCT_temp/L160/1.000000-Low Dose Images-08864/1-017.dcm","526600","625249ee2289370e3e7233e085e1dccedb624b0583ff4ba38898508a22903664","","","","datos DICOM externos"
"3-Pacientes/LDCT_temp/L160/1.000000-Low Dose Images-08864/1-018.dcm","526600","b85b517b0a06b8e0507ada5565be15ef8f9c7016be6f4f6ebf8461e260e53b1c","","","","datos DICOM externos"
"3-Pacientes/LDCT_temp/L160/1.000000-Low Dose Images-08864/1-019.dcm","526600","ab6b064dd64fb88234024ecfc28dcd8d5c0c819ea026c56ae98aca8b51272723","","","","datos DICOM externos"
"3-Pacientes/LDCT_temp/L160/1.000000-Low Dose Images-08864/1-020.dcm","526600","bfe84a5e1af1edaa2b7bbde47127bf3f0f1ebd7cf592a1b3f822c3b728495c05","","","","datos DICOM externos"
"3-Pacientes/LDCT_temp/L160/1.000000-Low Dose Images-08864/1-021.dcm","526600","617850646b5a8d9cb4aaf2c8364a5b684d1b5f8f6d2169ad3e7fa2f6cf791620","","","","datos DICOM externos"
"3-Pacientes/LDCT_temp/L160/1.000000-Low Dose Images-08864/1-022.dcm","526600","aa7a3e93686208dd8dfd4c456fff0c6502cc55ca5da2caf682bac705594cb9a5","","","","datos DICOM externos"
"3-Pacientes/LDCT_temp/L160/1.000000-Low Dose Images-08864/1-023.dcm","526600","fbb60f2c142f546ad7586f97dcb1d6e5a21a738827dcc5463b851a31509a3500","","","","datos DICOM externos"
"3-Pacientes/LDCT_temp/L160/1.000000-Low Dose Images-08864/1-024.dcm","526600","ee2ace4d14a6251ed69200215a26eabfba7188bd5199133f3870df4afc96575d","","","","datos DICOM externos"
"3-Pacientes/LDCT_temp/L160/1.000000-Low Dose Images-08864/1-025.dcm","526596","acf829bff50b73892f93e31da4ed9f57a70fda76d076b5f361958c4c910e9811","","","","datos DICOM externos"
"3-Pacientes/LDCT_temp/L160/1.000000-Low Dose Images-08864/1-026.dcm","526600","63517aef5e51935105052dc0a12f6993e8ed581570f86520dc24709efefacbcf","","","","datos DICOM externos"
"3-Pacientes/LDCT_temp/L160/1.000000-Low Dose Images-08864/1-027.dcm","526600","67edbe9663990fe2af4075609a3e78c0f8d7a001a2d038545d20d3f862354cd5","","","","datos DICOM externos"
"3-Pacientes/LDCT_temp/L160/1.000000-Low Dose Images-08864/1-028.dcm","526600","427ba15c6b8beb72c9cd077409ea7c4d8009fb5498fd35c0b51b4b1a1a7fc911","","","","datos DICOM externos"
"3-Pacientes/LDCT_temp/L160/1.000000-Low Dose Images-08864/1-029.dcm","526600","4c71ee7b4661de129a62c57f8ec886888a4af7f3c9110f36e998d39249710ddc","","","","datos DICOM externos"
"3-Pacientes/LDCT_temp/L160/1.000000-Low Dose Images-08864/1-030.dcm","526600","1b70cecc80243b4cb0e5e801bb7f68d4d19e5b73375e9869bfa57d8303374c00","","","","datos DICOM externos"
"3-Pacientes/LDCT_temp/L160/1.000000-Low Dose Images-08864/1-031.dcm","526600","457200926f52cb16c0ea59c5b24a4f4cb75a2e99c61983d8b8a1e71184f9c914","","","","datos DICOM externos"
"3-Pacientes/LDCT_temp/L160/1.000000-Low Dose Images-08864/1-032.dcm","526600","3c0a1a81f8f20609bf6c546b50ce4c93bbd8cff9a73b28ab46e63b9b966210ca","","","","datos DICOM externos"
"3-Pacientes/LDCT_temp/L160/1.000000-Low Dose Images-08864/1-033.dcm","526600","580b3b2afd16c651f750dc776da97925b0bfafb211e0c3afce32d35b8f2571f1","","","","datos DICOM externos"
"3-Pacientes/LDCT_temp/L160/1.000000-Low Dose Images-08864/1-034.dcm","526600","3b041fc17d8a7e36fa9233175cfd6f8b3dd5eb4ea202fd2fdd23f7313b3ecbdb","","","","datos DICOM externos"
"3-Pacientes/LDCT_temp/L160/1.000000-Low Dose Images-08864/1-035.dcm","526600","4de540f1a549ef70562d03e78acaf4f6475803f118e49bb85464959d571e1d3a","","","","datos DICOM externos"
"3-Pacientes/LDCT_temp/L160/1.000000-Low Dose Images-08864/1-036.dcm","526600","12a394b927b4ddace67d9388f611b52098019d4b1d5599edd68bfc250b4c73d8","","","","datos DICOM externos"
"3-Pacientes/LDCT_temp/L160/1.000000-Low Dose Images-08864/1-037.dcm","526600","c1abc3d3d8134abffe79bb5dccb13920411a83150b5b34b390c231195b4a5b0b","","","","datos DICOM externos"
"3-Pacientes/LDCT_temp/L160/1.000000-Low Dose Images-08864/1-038.dcm","526600","e009f72a7caa62401522736a00308bc8e6f81a31d49a81ef4756b98c905e38e0","","","","datos DICOM externos"
"3-Pacientes/LDCT_temp/L160/1.000000-Low Dose Images-08864/1-039.dcm","526600","f672b6a34db980b8142059423cf3277b241c95fdf267692c2cf343d6d16bed0b","","","","datos DICOM externos"
"3-Pacientes/LDCT_temp/L160/1.000000-Low Dose Images-08864/1-040.dcm","526600","0da6f026ae6e9e4a02482caadda50487cd216c564fe539387b7662437a61990a","","","","datos DICOM externos"
"3-Pacientes/LDCT_temp/L160/1.000000-Low Dose Images-08864/1-041.dcm","526604","5d95cd66b168ad7d470acc5043de689e3bf2dbe4ca9e53b0a81e119d49edef6b","","","","datos DICOM externos"
"3-Pacientes/LDCT_temp/L160/1.000000-Low Dose Images-08864/1-042.dcm","526604","b99e6785543b5e5dd85969044c13b0930b543fed37f6d8f2857188082f7bb141","","","","datos DICOM externos"
"3-Pacientes/LDCT_temp/L160/1.000000-Low Dose Images-08864/1-043.dcm","526604","a39ee06596516b69272035a26d6bec540f6ce88f39fe3a0ddd71c3fccd3a7fa6","","","","datos DICOM externos"
"3-Pacientes/LDCT_temp/L160/1.000000-Low Dose Images-08864/1-044.dcm","526604","05fbfc9cdaf28cfcc608df52aa1f8b251564125a20da3253586c62cc1c680109","","","","datos DICOM externos"
"3-Pacientes/LDCT_temp/L160/1.000000-Low Dose Images-08864/1-045.dcm","526604","522853141e1958399e5aff5a04fac6014653edfdf5e8d7a85098ce7f3fcc033f","","","","datos DICOM externos"
"3-Pacientes/LDCT_temp/L160/1.000000-Low Dose Images-08864/1-046.dcm","526604","c21b9ffd421ce21b5d40d9b7aeea0f9c1ba30176bee2a12e7d0bd78f62e4a426","","","","datos DICOM externos"
"3-Pacientes/LDCT_temp/L160/1.000000-Low Dose Images-08864/1-047.dcm","526602","da5c0f006b6051c32d1a5d41f5fb7e156e6d3658e50981e821351dd2591abba9","","","","datos DICOM externos"
"3-Pacientes/LDCT_temp/L160/1.000000-Low Dose Images-08864/1-048.dcm","526604","2243ba2811b70bdfaf90072974073434f6313096bb90fb0a47a5497bffa5ccf4","","","","datos DICOM externos"
"3-Pacientes/LDCT_temp/L160/1.000000-Low Dose Images-08864/1-049.dcm","526604","06cb4e171925cf7ecc70f385b1ea2242bf2fb528babf877debd7c3bef633e2cc","","","","datos DICOM externos"
"3-Pacientes/LDCT_temp/L160/1.000000-Low Dose Images-08864/1-050.dcm","526604","8423de712c61735f451710ead88bb539fba107596e46e6578f272c80f2d2f058","","","","datos DICOM externos"
"3-Pacientes/LDCT_temp/L160/1.000000-Low Dose Images-08864/1-051.dcm","526602","0b7d1677092a0cbfadbf18df361253f3dd55ae899b3084a3416ab151f00bbfa2","","","","datos DICOM externos"
"3-Pacientes/LDCT_temp/L160/1.000000-Low Dose Images-08864/1-052.dcm","526604","7f67cceda93cdca51c461c2ec57e4cc0d93516afbb2d2eb16359713ac504f144","","","","datos DICOM externos"
"3-Pacientes/LDCT_temp/L160/1.000000-Low Dose Images-08864/1-053.dcm","526604","8a7f0ca12a6823a45848ffbb7c9610926f47d2b7e65f27f8295ff78196c46829","","","","datos DICOM externos"
"3-Pacientes/LDCT_temp/L160/1.000000-Low Dose Images-08864/1-054.dcm","526604","bfb683d40379a258de2a9b04940bde0cd508446671852b2585ed1fab10977511","","","","datos DICOM externos"
"3-Pacientes/LDCT_temp/L160/1.000000-Low Dose Images-08864/1-055.dcm","526604","5c9fcdd66655a24c8f835d0ad0051954a43cc6a64e8f0ded1fd0634ef7ebb4da","","","","datos DICOM externos"
"3-Pacientes/LDCT_temp/L160/1.000000-Low Dose Images-08864/1-056.dcm","526604","4d0ad7b53624d9f5c1951eb4b53d1d05895b5f994ff24ae2ff8c373dc31ccd3e","","","","datos DICOM externos"
"3-Pacientes/LDCT_temp/L160/1.000000-Low Dose Images-08864/1-057.dcm","526604","79813b0a1723ff4a392317e8e44b35e058db0a391bc9f2358c884f07ff0eb5b8","","","","datos DICOM externos"
"3-Pacientes/LDCT_temp/L160/1.000000-Low Dose Images-08864/1-058.dcm","526604","ccb45733e16b0b34e36207ff3a095c91a464a4aa7052b04dc1306ac0b624eefc","","","","datos DICOM externos"
"3-Pacientes/LDCT_temp/L160/1.000000-Low Dose Images-08864/1-059.dcm","526604","922d8877089cc0082412608bc3885e3bc35c906b5a9bc1a16c0851bc621d9f90","","","","datos DICOM externos"
"3-Pacientes/LDCT_temp/L160/1.000000-Low Dose Images-08864/1-060.dcm","526604","44484c89ead9ae1d302d4de82144670935d8ff3f6929c9de8e1361f4b22c7315","","","","datos DICOM externos"
"3-Pacientes/LDCT_temp/L160/1.000000-Low Dose Images-08864/1-061.dcm","526604","e82bcc113838f3eda24e787ef78894b205c19f06229453b25f57bb031fb44eff","","","","datos DICOM externos"
"3-Pacientes/LDCT_temp/L160/1.000000-Low Dose Images-08864/1-062.dcm","526604","25f1553eb9a3ed01f92c12e6a6b40073940eff9b45baeacbf6ac0347806e4f11","","","","datos DICOM externos"
"3-Pacientes/LDCT_temp/L160/1.000000-Low Dose Images-08864/1-063.dcm","526604","62fb175567f125d10417685f5710af806f85ad93e310872d7b7f83979e9fb588","","","","datos DICOM externos"
"3-Pacientes/LDCT_temp/L160/1.000000-Low Dose Images-08864/1-064.dcm","526600","ab760f7b8cb667b4f4d12c90a8cca99f4bda996fe2dbf414c38140cc0f9d2aeb","","","","datos DICOM externos"
"3-Pacientes/LDCT_temp/L160/1.000000-Low Dose Images-08864/1-065.dcm","526604","bb31ff73b17a2fd0044dd8573b85f5b8bf27a0dac99461619f7c010443133564","","","","datos DICOM externos"
"3-Pacientes/LDCT_temp/L160/1.000000-Low Dose Images-08864/1-066.dcm","526604","6b5f214edf123cef49d150ff5f296e857909010349219a405d92d4e6a78e9dde","","","","datos DICOM externos"
"3-Pacientes/LDCT_temp/L160/1.000000-Low Dose Images-08864/1-067.dcm","526604","c62832c588db0d62c5019af3d2dd20968eb3f0136367e4f41f03d8fc37e791f1","","","","datos DICOM externos"
"3-Pacientes/LDCT_temp/L160/1.000000-Low Dose Images-08864/1-068.dcm","526604","8fda0cb316c2aebe627f511e27acaf81f710ced9b3b9f91c28b8dee15db8801f","","","","datos DICOM externos"
"3-Pacientes/LDCT_temp/L160/1.000000-Low Dose Images-08864/1-069.dcm","526604","18d5aece497c953d4a9c81f0f66de05fa33d3944cc63d9f512f0a006d65a6ff4","","","","datos DICOM externos"
"3-Pacientes/LDCT_temp/L160/1.000000-Low Dose Images-08864/1-070.dcm","526604","2668d1c28e35f3800d35a28735347edafa41ed3327d5cb013c0aae4a0776e788","","","","datos DICOM externos"
"3-Pacientes/LDCT_temp/L160/1.000000-Low Dose Images-08864/1-071.dcm","526604","2f9c6524517792793d13640cee8774ae28875ad87a32c59a8a278ed5d7dc25c0","","","","datos DICOM externos"
"3-Pacientes/LDCT_temp/L160/1.000000-Low Dose Images-08864/1-072.dcm","526604","cf9e1676ef6e9a9e30eeaf9692667436829548869cdb13d590bc68d93f4b7cce","","","","datos DICOM externos"
"3-Pacientes/LDCT_temp/L160/1.000000-Low Dose Images-08864/1-073.dcm","526604","93d52b9f0d471466a502464a427bea0f322b0163958b8e30249d6c4fa3ba8d54","","","","datos DICOM externos"
"3-Pacientes/LDCT_temp/L160/1.000000-Low Dose Images-08864/1-074.dcm","526604","3e65d372f58eb3c0fd8459405b198e0ee94134d44d07663bf5e3a42e8d0f0b79","","","","datos DICOM externos"
"3-Pacientes/LDCT_temp/L160/1.000000-Low Dose Images-08864/1-075.dcm","526604","e1bdea9ee63b7eb6546a8e2d7193d022ecb3906ed88afdeb102810f80f78aa6b","","","","datos DICOM externos"
"3-Pacientes/LDCT_temp/L160/1.000000-Low Dose Images-08864/1-076.dcm","526604","cbac42c5940c267cd471d9f40e56d49afd767ef788c4f6d60fef7e61d8388b17","","","","datos DICOM externos"
"3-Pacientes/LDCT_temp/L160/1.000000-Low Dose Images-08864/1-077.dcm","526604","146f08eded7838648f0fcf119e89553f9548db9af4a061515bf83904fdaa493f","","","","datos DICOM externos"
"3-Pacientes/LDCT_temp/L160/1.000000-Low Dose Images-08864/1-078.dcm","526604","a6a0e18de64b28c7a21dc0548b0e249ded9daca9ebe09fb1c24cff725ea32a10","","","","datos DICOM externos"
"3-Pacientes/LDCT_temp/L160/1.000000-Low Dose Images-08864/1-079.dcm","526604","4abaf7f092bbe23d009c97f94da7269394742c5f8d9afce744f3caa79dc8e9c0","","","","datos DICOM externos"
"3-Pacientes/LDCT_temp/L160/1.000000-Low Dose Images-08864/1-080.dcm","526604","b707563d9de9a7c86be8b5c78bda36b45376d12f2fae98392c68f1adda432f3d","","","","datos DICOM externos"
"3-Pacientes/LDCT_temp/L160/1.000000-Low Dose Images-08864/1-081.dcm","526604","ae1962095554bc180da1b4028471bb10f51954653db0c1c4e5c83bbe6329dd6a","","","","datos DICOM externos"
"3-Pacientes/LDCT_temp/L160/1.000000-Low Dose Images-08864/1-082.dcm","526604","dd33cee6d3abafe625964b29e6d31b53b045f40bba3b8b4e220fa7264080b531","","","","datos DICOM externos"
"3-Pacientes/LDCT_temp/L160/1.000000-Low Dose Images-08864/1-083.dcm","526604","21ca3e5d47387bd34a9b4f1298ae3291756159be5b3c1a9fe12d3feb7de9f09a","","","","datos DICOM externos"
"3-Pacientes/LDCT_temp/L160/1.000000-Low Dose Images-08864/1-084.dcm","526604","6ec58dc30cb60e871ad0d7395fb9e931769da9277d02161357f7db893929c717","","","","datos DICOM externos"
"3-Pacientes/LDCT_temp/L160/1.000000-Low Dose Images-08864/1-085.dcm","526604","ec6f256f1512f4dc7b351ee685f43a02a1d9f38e65b10751a3c462e2861195fd","","","","datos DICOM externos"
"3-Pacientes/LDCT_temp/L160/1.000000-Low Dose Images-08864/1-086.dcm","526604","3c40cfc5e9f2f2295345ba4d4a991a312fa067ba7653e50a489fd07d7f96f0ec","","","","datos DICOM externos"
"3-Pacientes/LDCT_temp/L160/1.000000-Low Dose Images-08864/1-087.dcm","526604","5f8b0e0e63ca1e8fea0bd13a8485c9343a04c8c147b45762eb4ec21a06210370","","","","datos DICOM externos"
"3-Pacientes/LDCT_temp/L160/1.000000-Low Dose Images-08864/1-088.dcm","526604","9175820a00a3e9264d90df0e7f5a7a978c0b3b8266f7ce9ec03ac208a93393d0","","","","datos DICOM externos"
"3-Pacientes/LDCT_temp/L160/1.000000-Low Dose Images-08864/1-089.dcm","526604","e2349ca01997bfe68a72f48b2f1bb2d6b4db7dafbb42cafc9fa61e87826ea3f2","","","","datos DICOM externos"
"3-Pacientes/LDCT_temp/L160/1.000000-Low Dose Images-08864/1-090.dcm","526604","14deb2365191e788b1723043f9d7b1d920c1ad8929f452f286593ff710e18966","","","","datos DICOM externos"
"3-Pacientes/LDCT_temp/L160/1.000000-Low Dose Images-08864/1-091.dcm","526604","b2bc259ce29236d9350ad10a18becc36be3f48c9fd4f072c5aa970fd7c8af44e","","","","datos DICOM externos"
"3-Pacientes/LDCT_temp/L160/1.000000-Low Dose Images-08864/1-092.dcm","526604","4510f1391f069ca3d38a1d0e1804ae2617dfa8f07df81abd7b7ed87b06aa82b7","","","","datos DICOM externos"
"3-Pacientes/LDCT_temp/L160/1.000000-Low Dose Images-08864/1-093.dcm","526604","aed4ec968ae300e70b28957adb73915a2b33f9e366ced1aeea12ddfd977f415c","","","","datos DICOM externos"
"3-Pacientes/LDCT_temp/L160/1.000000-Low Dose Images-08864/1-094.dcm","526604","181a4c06395f92b280ad7fd0c805ca82fced415de9a91a2ad3b1c7c32b25f216","","","","datos DICOM externos"
"3-Pacientes/LDCT_temp/L160/1.000000-Low Dose Images-08864/1-095.dcm","526604","016ffdcc8f64af7b9fb48c03a1b5db479a74fcb144353508676bf4b1c0c10dc0","","","","datos DICOM externos"
"3-Pacientes/LDCT_temp/L160/1.000000-Low Dose Images-08864/1-096.dcm","526604","0fa91c16f50118650a19a836231a7a4a3d6290786e2a3effcd2b63386cc18205","","","","datos DICOM externos"
"3-Pacientes/LDCT_temp/L160/1.000000-Low Dose Images-08864/1-097.dcm","526604","3b886638c24050932f2eff8d29c02dd07ea950b923784567219eba424d6d5559","","","","datos DICOM externos"
"3-Pacientes/LDCT_temp/L160/1.000000-Low Dose Images-08864/1-098.dcm","526604","c771fb1b77941f149984e351419efe1f7cad109ff7b072d4855f8a85d1bb7fa5","","","","datos DICOM externos"
"3-Pacientes/LDCT_temp/L160/1.000000-Low Dose Images-08864/1-099.dcm","526604","324be8bde5b99c62f8337c49d70bce67c7ce48cfcd012b8973d1b6c96b34e219","","","","datos DICOM externos"
"3-Pacientes/LDCT_temp/L160/1.000000-Low Dose Images-08864/1-100.dcm","526606","d3698f9581f76c22f75a17c6ab622d463dc1a004a9e0da7a9aad6ee2f2919ded","","","","datos DICOM externos"
"3-Pacientes/LDCT_temp/L160/1.000000-Low Dose Images-08864/1-101.dcm","526606","c23a810ce8dc1f40f1803a075985646983280141b67dd672b2814a3d5d980f93","","","","datos DICOM externos"
"3-Pacientes/LDCT_temp/L160/1.000000-Low Dose Images-08864/1-102.dcm","526606","f7fc9ee09be7f96db97d62a37a4da9dcb98df4478cbd3ec89de8d14109068254","","","","datos DICOM externos"
"3-Pacientes/LDCT_temp/L160/1.000000-Low Dose Images-08864/1-103.dcm","526606","7da4c8b4317f043d3582075dc4cedafc376b73f5b0a4b5ba3e179cc744eada20","","","","datos DICOM externos"
"3-Pacientes/LDCT_temp/L160/1.000000-Low Dose Images-08864/1-104.dcm","526602","f2d3ec1f91dde8f85644bdfa0c65d1e6a58888e4567cc229ff96d8c8869c8050","","","","datos DICOM externos"
"3-Pacientes/LDCT_temp/L160/1.000000-Low Dose Images-08864/1-105.dcm","526606","03c224452a518b19117a0c3c2c932bc6f4048cb989c55c5c6524153ae56f0835","","","","datos DICOM externos"
"3-Pacientes/LDCT_temp/L160/1.000000-Low Dose Images-08864/1-106.dcm","526606","1d2cf5bcddbe9d1aa07e2c7041cd6760f776c29c85435c010ee8f71fbbe2f92d","","","","datos DICOM externos"
"3-Pacientes/LDCT_temp/L160/1.000000-Low Dose Images-08864/1-107.dcm","526606","a9cf54c03be47c9fb8dec22cfe7c4460bb2d9398e9e70fd004d893a27492cc61","","","","datos DICOM externos"
"3-Pacientes/LDCT_temp/L160/1.000000-Low Dose Images-08864/1-108.dcm","526606","ec57483d572f9f53a92b172904d49890a41aa7d9de29130bc9991c64a7e612ce","","","","datos DICOM externos"
"3-Pacientes/LDCT_temp/L160/1.000000-Low Dose Images-08864/1-109.dcm","526606","1a0547c0ff086f5c3df3dc3f79e0840c296d95e8c9e8d29ade16ef7d83f5fb30","","","","datos DICOM externos"
"3-Pacientes/LDCT_temp/L160/1.000000-Low Dose Images-08864/1-110.dcm","526606","db0497b6684de9e903ea35198c2270a3604ff1f733e874c7d85874bffce24217","","","","datos DICOM externos"
"3-Pacientes/LDCT_temp/L160/1.000000-Low Dose Images-08864/1-111.dcm","526606","e89119c7326d870273a8a2086e020e3a1e734badc35b70dcabd39b5b102a4671","","","","datos DICOM externos"
"3-Pacientes/LDCT_temp/L160/1.000000-Low Dose Images-08864/1-112.dcm","526606","bd5c7afa0d060d76d3f0a7e14d83907e38deb026753a3c4c9b2f2435f45f40f2","","","","datos DICOM externos"
"3-Pacientes/LDCT_temp/L160/1.000000-Low Dose Images-08864/1-113.dcm","526606","ad2fff28d553fe379560c4e989acb237ba783f396afbfc1dd3c878cae0fa82fd","","","","datos DICOM externos"
"3-Pacientes/LDCT_temp/L160/1.000000-Low Dose Images-08864/1-114.dcm","526606","9f1f6d731d517115fb1b4d79355ba523142006f0cffb8b46b91f1464dea0d80e","","","","datos DICOM externos"
"3-Pacientes/LDCT_temp/L160/1.000000-Low Dose Images-08864/1-115.dcm","526606","ff3f7614582b5b291d83091efc56eed9efffcb30757ebec5a8a8e57d3ca672d2","","","","datos DICOM externos"
"3-Pacientes/LDCT_temp/N169/1.000000-Full Dose Images-50494/1-01.dcm","526604","efea2d91fa7227e7fb99ba9138e24a68af4a805e96a85af1c7f8b47a378a268d","","","","datos DICOM externos"
"3-Pacientes/LDCT_temp/N169/1.000000-Full Dose Images-50494/1-02.dcm","526604","c2b7d8f3a4a942a1aaed9b96f4fc3dc0cc9110aa44635b8802db73d96e236c27","","","","datos DICOM externos"
"3-Pacientes/LDCT_temp/N169/1.000000-Full Dose Images-50494/1-03.dcm","526604","44a60fa2913702120f93521ba797ffe72e779dbb3d32715a6a248e03dd50925e","","","","datos DICOM externos"
"3-Pacientes/LDCT_temp/N169/1.000000-Full Dose Images-50494/1-04.dcm","526604","e258d4d7ff8a28e64a20a6d3610d39f72cd3572e3a7f9cb7019ebeea856b8d9b","","","","datos DICOM externos"
"3-Pacientes/LDCT_temp/N169/1.000000-Full Dose Images-50494/1-05.dcm","526604","cd11006212245ec76fae5755307d36d9ac7145f310fbf1ba562191e6b7982653","","","","datos DICOM externos"
"3-Pacientes/LDCT_temp/N169/1.000000-Full Dose Images-50494/1-06.dcm","526600","fa0d8de940e57b743900ab11b22157da3449a5e6ff76ec4bfa543dd071f75d04","","","","datos DICOM externos"
"3-Pacientes/LDCT_temp/N169/1.000000-Full Dose Images-50494/1-07.dcm","526604","52d1c7b21c4c059b8b965d896ad488fd003a75d79bbc6ddb3db96763695848a2","","","","datos DICOM externos"
"3-Pacientes/LDCT_temp/N169/1.000000-Full Dose Images-50494/1-08.dcm","526604","f8c64ab6a77cc4b360e1d75f35e7015e63c9828e18aca2640412fa181385c5bb","","","","datos DICOM externos"
"3-Pacientes/LDCT_temp/N169/1.000000-Full Dose Images-50494/1-09.dcm","526604","dc83948a585c50ecca495ef9f2655d225fbefd697c64b04af0a979008878641c","","","","datos DICOM externos"
"3-Pacientes/LDCT_temp/N169/1.000000-Full Dose Images-50494/1-10.dcm","526604","9db5d90b84a47ea490ea7a7420cb87fd5732c83eabbe083f4105661b1f016274","","","","datos DICOM externos"
"3-Pacientes/LDCT_temp/N169/1.000000-Full Dose Images-50494/1-11.dcm","526604","3229a11edf1fb2e72b8a1b980a527044ee83c18ebccb143625df1c94dc0099f8","","","","datos DICOM externos"
"3-Pacientes/LDCT_temp/N169/1.000000-Full Dose Images-50494/1-12.dcm","526604","1cd7037bfa552ec443095bcf33e80974c2f0042ce560edfcc254ed4f715cb7eb","","","","datos DICOM externos"
"3-Pacientes/LDCT_temp/N169/1.000000-Full Dose Images-50494/1-13.dcm","526604","35cce098e359c02142486dc76914b3c4080089d101d608735873320631e3e10f","","","","datos DICOM externos"
"3-Pacientes/LDCT_temp/N169/1.000000-Full Dose Images-50494/1-14.dcm","526602","f9ae73879034c59ef0b48216c6928c232b39185eb266150336b813a37b982331","","","","datos DICOM externos"
"3-Pacientes/LDCT_temp/N169/1.000000-Full Dose Images-50494/1-15.dcm","526604","28e04ded92f4a9985187f770f2570c67e393040ce26455b6f1dfff4b2410f867","","","","datos DICOM externos"
"3-Pacientes/LDCT_temp/N169/1.000000-Full Dose Images-50494/1-16.dcm","526604","a5045ee6012109dc4e6019e8385b10dc55b3bc65ce333c40089d1756eda75d6b","","","","datos DICOM externos"
"3-Pacientes/LDCT_temp/N169/1.000000-Full Dose Images-50494/1-17.dcm","526604","273fb307b741e278884c98bc0f6ed086d19de5e9d59b840bb92d26b8e82f9f09","","","","datos DICOM externos"
"3-Pacientes/LDCT_temp/N169/1.000000-Full Dose Images-50494/1-18.dcm","526604","dc3e105fe2cfe68390d0bef3b95e57fc859c86f4a7fd53198f3b583cef132039","","","","datos DICOM externos"
"3-Pacientes/LDCT_temp/N169/1.000000-Full Dose Images-50494/1-19.dcm","526604","2aaa5f8d38fa373f0c5d596c67b6345fe88d15e71ea75fe18bf53ebc237f0b39","","","","datos DICOM externos"
"3-Pacientes/LDCT_temp/N169/1.000000-Full Dose Images-50494/1-20.dcm","526604","bcaaa70076adcfe33cf90279292e66d072deaeae56037a75944db6c5299be31f","","","","datos DICOM externos"
"3-Pacientes/LDCT_temp/N169/1.000000-Full Dose Images-50494/1-21.dcm","526604","bda2836dfd8c197511180f30a8c498b7616ce3bc35a1e079fcb23578a234382c","","","","datos DICOM externos"
"3-Pacientes/LDCT_temp/N169/1.000000-Full Dose Images-50494/1-22.dcm","526604","31b1ed3d62ac4788664c060b1968660f36a973a8d417f390fc1f32a40ea84828","","","","datos DICOM externos"
"3-Pacientes/LDCT_temp/N169/1.000000-Full Dose Images-50494/1-23.dcm","526600","d0fc5ea688b7f974c62cc86b67ba630fdd201e6fd9898398fe5789c37367dc91","","","","datos DICOM externos"
"3-Pacientes/LDCT_temp/N169/1.000000-Full Dose Images-50494/1-24.dcm","526600","ec9800df44bc00aacfab5383eb2b1491afdc64732f7272daf8159c95241abb4d","","","","datos DICOM externos"
"3-Pacientes/LDCT_temp/N169/1.000000-Full Dose Images-50494/1-25.dcm","526600","d50ec022c0195ea45d819d6fefa88aa94891e53d8127634a6a4692a68776d20a","","","","datos DICOM externos"
"3-Pacientes/LDCT_temp/N169/1.000000-Full Dose Images-50494/1-26.dcm","526600","deece93c3dcea062759fe07b1a98750b8297f9f75caee8f7a94e350368e1a2a6","","","","datos DICOM externos"
"3-Pacientes/LDCT_temp/N169/1.000000-Full Dose Images-50494/1-27.dcm","526600","b4f09858851b4b247be3f2d7232c1c3b82c4c16906e971c15305a36dc97db49c","","","","datos DICOM externos"
"3-Pacientes/LDCT_temp/N169/1.000000-Full Dose Images-50494/1-28.dcm","526598","34d05290a5ccae0c74fbbffd5e918d101e6fdf3425d38a863e0adfcc1f41a827","","","","datos DICOM externos"
"3-Pacientes/LDCT_temp/N169/1.000000-Full Dose Images-50494/1-29.dcm","526600","50e332c4c5c77199497bfce8962724a12ae53628ff47e134964ffc16720f5cbe","","","","datos DICOM externos"
"3-Pacientes/LDCT_temp/N169/1.000000-Full Dose Images-50494/1-30.dcm","526600","0d4f5a37645a26395780915213ba8d9ac313ad9e60e91c78db53c7376bfb0dba","","","","datos DICOM externos"
"3-Pacientes/LDCT_temp/N169/1.000000-Full Dose Images-50494/1-31.dcm","526600","9f922b234d57c9ee38630a8fb9ff07b58f0688dfa72cce2fe1199923bfcc8663","","","","datos DICOM externos"
"3-Pacientes/LDCT_temp/N169/1.000000-Full Dose Images-50494/1-32.dcm","526600","4fdbf1d06c42cd62c5a8f3289f1eb708ec7bc05660fe5182b3c5034e91ee4f6f","","","","datos DICOM externos"
"3-Pacientes/LDCT_temp/N169/1.000000-Full Dose Images-50494/1-33.dcm","526600","cc471abd359260389a35acd6ef301f8404290bfce0068dd61a939bc59a06fa5c","","","","datos DICOM externos"
"3-Pacientes/LDCT_temp/N169/1.000000-Full Dose Images-50494/1-34.dcm","526600","b417cfd837eb8d64b8c0cedf3be177f77b7b3e8d535b3580957a198c72a8a9d7","","","","datos DICOM externos"
"3-Pacientes/LDCT_temp/N169/1.000000-Full Dose Images-50494/1-35.dcm","526600","ddce8e754a277142e5063e46904a15a9d75d1cc357a2ca006eeac0726027d730","","","","datos DICOM externos"
"3-Pacientes/LDCT_temp/N169/1.000000-Full Dose Images-50494/1-36.dcm","526600","b940520dded507d26974092d4610ce24eeb1e9fccb38916c73a8e19f37ea3a75","","","","datos DICOM externos"
"3-Pacientes/LDCT_temp/N169/1.000000-Full Dose Images-50494/1-37.dcm","526600","43f3b6f7da9b5f91a8be2cbff8764e9c18e571a58c9ff93afa9051cbe795cd14","","","","datos DICOM externos"
"3-Pacientes/LDCT_temp/N169/1.000000-Full Dose Images-50494/1-38.dcm","526600","3960994589e6cb1247e358d3da4f072d2a7d411b503e2226966ce2a4674ffba6","","","","datos DICOM externos"
"3-Pacientes/LDCT_temp/N169/1.000000-Full Dose Images-50494/1-39.dcm","526600","782e700ccc0900ba96ee8e90d6aecc0fa9258a5f142756b108a6739b428b831f","","","","datos DICOM externos"
"3-Pacientes/LDCT_temp/N169/1.000000-Low Dose Images-10434/1-01.dcm","526604","a8e96e8d6201a2db6d85efd3b2d2d745b6688f8de52f7ebeedb1d5be23a97466","","","","datos DICOM externos"
"3-Pacientes/LDCT_temp/N169/1.000000-Low Dose Images-10434/1-02.dcm","526604","d2546ae56d0b080ea4801179adca3ece68df3220dbec4bf7f63349a3ac70c6b4","","","","datos DICOM externos"
"3-Pacientes/LDCT_temp/N169/1.000000-Low Dose Images-10434/1-03.dcm","526604","393822bf3b27edc8ae41239f69514b64ac979abb993e1140211ee090b8fc0b1b","","","","datos DICOM externos"
"3-Pacientes/LDCT_temp/N169/1.000000-Low Dose Images-10434/1-04.dcm","526604","0f64d504a85d69b8fb061abb5356d10c49ae4e80a7c900c95be9175cc5fea7d2","","","","datos DICOM externos"
"3-Pacientes/LDCT_temp/N169/1.000000-Low Dose Images-10434/1-05.dcm","526604","9ef0ec7c452cb49090ea951d1d4aa1a3382aae62b900a41d0cf9724fda2a9d08","","","","datos DICOM externos"
"3-Pacientes/LDCT_temp/N169/1.000000-Low Dose Images-10434/1-06.dcm","526604","f525c631c553ea6d3c321b1b590e427174f78e393569dcde2fc7c6789a5362fd","","","","datos DICOM externos"
"3-Pacientes/LDCT_temp/N169/1.000000-Low Dose Images-10434/1-07.dcm","526604","d3da1d719cd55caa93fd75b21a4254636ea6588de5371bdd3144444f9468edf3","","","","datos DICOM externos"
"3-Pacientes/LDCT_temp/N169/1.000000-Low Dose Images-10434/1-08.dcm","526604","a95673b3ee6c6f2c44cfa3aac7db6def84ec6ba4bbe0f38a369c31b26331ee69","","","","datos DICOM externos"
"3-Pacientes/LDCT_temp/N169/1.000000-Low Dose Images-10434/1-09.dcm","526604","bc6a72c4b590d2ce88c2d72cb88e374f6b9bdd92b0f1e7e524bf6ecab9eb4630","","","","datos DICOM externos"
"3-Pacientes/LDCT_temp/N169/1.000000-Low Dose Images-10434/1-10.dcm","526604","0034c6984bf7458dd1912d741cd6ffa2e18dadf3924cf0ac066e50490abf33fe","","","","datos DICOM externos"
"3-Pacientes/LDCT_temp/N169/1.000000-Low Dose Images-10434/1-11.dcm","526604","c4a8b8ef73c0487fed7f8339925b97779db0d766d3eeffde7227f358ea756daa","","","","datos DICOM externos"
"3-Pacientes/LDCT_temp/N169/1.000000-Low Dose Images-10434/1-12.dcm","526604","a37954fc82952958171b3deb2ae0a8e8af0aed904cf3e17911b9753121d50254","","","","datos DICOM externos"
"3-Pacientes/LDCT_temp/N169/1.000000-Low Dose Images-10434/1-13.dcm","526602","4b0d18d3ab97bf2d6c5f0a5868a88bba0b84d81a7788dfea37198b8fbdb77fee","","","","datos DICOM externos"
"3-Pacientes/LDCT_temp/N169/1.000000-Low Dose Images-10434/1-14.dcm","526604","2f0893398e6180f7c642b06f6a69d9f3ebb6ae45200656e5c387788887539081","","","","datos DICOM externos"
"3-Pacientes/LDCT_temp/N169/1.000000-Low Dose Images-10434/1-15.dcm","526604","c14a4dc2975e8045ce84897e5d1989fe5cd5b01f960f59e559ce84ad6a7d217d","","","","datos DICOM externos"
"3-Pacientes/LDCT_temp/N169/1.000000-Low Dose Images-10434/1-16.dcm","526604","a7878637b8491cc962e09fef1e5ecbbf3f1f6edac300373085d58ec7919f2a9c","","","","datos DICOM externos"
"3-Pacientes/LDCT_temp/N169/1.000000-Low Dose Images-10434/1-17.dcm","526604","a1f2f59c9aace194c75f0b5b8ed2a261c81f705c7cca7b92d8906aeb558af87a","","","","datos DICOM externos"
"3-Pacientes/LDCT_temp/N169/1.000000-Low Dose Images-10434/1-18.dcm","526604","a32bf6d0ff7add06d9e7481064ffc3b3b3b784a1fe2dd1fc7b1e73df53c619a1","","","","datos DICOM externos"
"3-Pacientes/LDCT_temp/N169/1.000000-Low Dose Images-10434/1-19.dcm","526604","f9fff36c6dd4baa04a3de1e77c97970bca4bc5d2b55d07322751dd8c7bcae30e","","","","datos DICOM externos"
"3-Pacientes/LDCT_temp/N169/1.000000-Low Dose Images-10434/1-20.dcm","526604","8ed985610f2bdb06025ca97d8eff2530661e0bbe9095e751fd873b0eb924ff2a","","","","datos DICOM externos"
"3-Pacientes/LDCT_temp/N169/1.000000-Low Dose Images-10434/1-21.dcm","526604","cd4c21e3b4868b7e9996d40027dc05a5ea03612dade36531f7978189e0d1f7ac","","","","datos DICOM externos"
"3-Pacientes/LDCT_temp/N169/1.000000-Low Dose Images-10434/1-22.dcm","526604","3b5e41e5f750a696305a701bb4518ac306e0b2001f5ce4c512e37b6982aa3bf4","","","","datos DICOM externos"
"3-Pacientes/LDCT_temp/N169/1.000000-Low Dose Images-10434/1-23.dcm","526600","ece2e6cb11b250af578b0ad49efaa0b9f0761f24c1e01baa9068b1f6335f4455","","","","datos DICOM externos"
"3-Pacientes/LDCT_temp/N169/1.000000-Low Dose Images-10434/1-24.dcm","526600","d70c94194af2ba3f90ea3e5fd2095d2dc62ab20906c5cb2a564ca359e70cd5e8","","","","datos DICOM externos"
"3-Pacientes/LDCT_temp/N169/1.000000-Low Dose Images-10434/1-25.dcm","526600","88cc1cb322bc4228a5a544ba3b5965caf0ce752095e1d38070485cd02bfacc13","","","","datos DICOM externos"
"3-Pacientes/LDCT_temp/N169/1.000000-Low Dose Images-10434/1-26.dcm","526600","0c40e9c087d0ff78c262bd6f3e119cdb32c262dcabe274c4bdec82ba00f68e6f","","","","datos DICOM externos"
"3-Pacientes/LDCT_temp/N169/1.000000-Low Dose Images-10434/1-27.dcm","526600","58209019ea62e9e968751e5103f06cffcc2e8f02222dbc7eaeac821de43e31a9","","","","datos DICOM externos"
"3-Pacientes/LDCT_temp/N169/1.000000-Low Dose Images-10434/1-28.dcm","526600","1b87d54fd24d6e95f413e80fdbd9d24f151eec1f4397184555394bf650bbf03a","","","","datos DICOM externos"
"3-Pacientes/LDCT_temp/N169/1.000000-Low Dose Images-10434/1-29.dcm","526600","6cf6f402e0beb50387d96e87232e36ecb86598a9afe4cfe248e867f32b755ff8","","","","datos DICOM externos"
"3-Pacientes/LDCT_temp/N169/1.000000-Low Dose Images-10434/1-30.dcm","526598","b99bd3427fbd3ae8752dbdd1714efdc37dcbf3d418eceeb191f3b0553b9138b5","","","","datos DICOM externos"
"3-Pacientes/LDCT_temp/N169/1.000000-Low Dose Images-10434/1-31.dcm","526600","7a0894324f20fb32758ed3a69bbedea8491f75eb7ff775bbbce1183df561c127","","","","datos DICOM externos"
"3-Pacientes/LDCT_temp/N169/1.000000-Low Dose Images-10434/1-32.dcm","526600","f6b7b7d94034c2d34d486cc0ec4301918817d97dff70e2715eafe18b08201f74","","","","datos DICOM externos"
"3-Pacientes/LDCT_temp/N169/1.000000-Low Dose Images-10434/1-33.dcm","526600","077bf894854e57bae58ec806be7b115222fa0d5aa3b5e667f943dfea874c4acb","","","","datos DICOM externos"
"3-Pacientes/LDCT_temp/N169/1.000000-Low Dose Images-10434/1-34.dcm","526600","4262a98b532a9f9da463fb533fff82dce16436f338d0a06bbaad8106f4e1977d","","","","datos DICOM externos"
"3-Pacientes/LDCT_temp/N169/1.000000-Low Dose Images-10434/1-35.dcm","526600","20ee77e6ec70826ba85394649a94967b6dc05a7d78818eaeea56ea1b30a94116","","","","datos DICOM externos"
"3-Pacientes/LDCT_temp/N169/1.000000-Low Dose Images-10434/1-36.dcm","526600","2b40609f75a061ec186d014e2d591e0a982112e40dd26626e0c58880222e311e","","","","datos DICOM externos"
"3-Pacientes/LDCT_temp/N169/1.000000-Low Dose Images-10434/1-37.dcm","526600","3b0772937c7be04471858a1fc787c4debd9a11d58abcbdc68e29a44e63fc46b6","","","","datos DICOM externos"
"3-Pacientes/LDCT_temp/N169/1.000000-Low Dose Images-10434/1-38.dcm","526600","3073df9dc59f7d329cdada7391422f7b0c3097b2286d01c8f974a178997ca87f","","","","datos DICOM externos"
"3-Pacientes/LDCT_temp/N169/1.000000-Low Dose Images-10434/1-39.dcm","526600","1674502628d3b1223d578734449bc3089ad695cda7b9337ed863d20894ff3eea","","","","datos DICOM externos"
"codigo-camila-bluemili/ldct_simulation-main/ldct_simulation-main/.gitignore","123","fdb5384dcc0e1c14b77920f3ccb8fcb04451d660d21417e81515f1b8c8db5db4","","","","núcleo/experimento de desarrollo"
"codigo-camila-bluemili/ldct_simulation-main/ldct_simulation-main/NOTA-AGENTE-ESCALA-DIFERENCIAS.md","14116","c8cdda19989eb0c531eb24c9c96970bb2f5c7a3b86698bd78518b7d42aca3d73","","","","núcleo/experimento de desarrollo"
"codigo-camila-bluemili/ldct_simulation-main/ldct_simulation-main/README.md","9698","546155ca904530faa1fe3062be62d87075cdf9196fb8a37cb03c687b5affbb0d","","","","núcleo/experimento de desarrollo"
"codigo-camila-bluemili/ldct_simulation-main/ldct_simulation-main/calculate_seg_tumor.ipynb","4147","bad8b62baa4071da466fccaa6c4ab20b47ef4629d868400cd086f646e0dd1fdd","","8","0","segmentación fuera de alcance"
"codigo-camila-bluemili/ldct_simulation-main/ldct_simulation-main/pyproject.toml","684","f9692f250dcc692f4db6e4f8d70d0b00d9bfdcbd4d6a3a18fb6d6edfc83cd16c","","","","núcleo/experimento de desarrollo"
"codigo-camila-bluemili/ldct_simulation-main/ldct_simulation-main/requirements-legacy.txt","3188","a10bc75642bf804f2b044c5483b2241b569711a817793cbd26bf4eb622cdadb3","","","","núcleo/experimento de desarrollo"
"codigo-camila-bluemili/ldct_simulation-main/ldct_simulation-main/requirements-tested.txt","519","e5d662088409efa9dfb2ee1e1652e4e1add6970ac226df0095e1fd82310eed91","","","","núcleo/experimento de desarrollo"
"codigo-camila-bluemili/ldct_simulation-main/ldct_simulation-main/requirements.txt","81","14b2f8a58702045f0c8c2354851bc0f98ae494f5fb8ff086abc048cac3f1e047","","","","núcleo/experimento de desarrollo"
"codigo-camila-bluemili/ldct_simulation-main/ldct_simulation-main/save_colorectal_ldct.py","183","298fc491ca30ec1cc03531764f25a9488738464e5d075fc45ea6581efcf3c4a0","","","","núcleo/experimento de desarrollo"
"codigo-camila-bluemili/ldct_simulation-main/ldct_simulation-main/sdct_ldct_sinograma_gaussiano.ipynb","8479586","ec3988b658aeb9a1dc54e2b0467e49d95e5718dd832382b9de9a0789b5e25aaf","","32","0","núcleo/experimento de desarrollo"
"codigo-camila-bluemili/ldct_simulation-main/ldct_simulation-main/solution_noise_sim.ipynb","4411","aed3046fa28a27f45418424cce9b82886eb1e30048e25eb5bfccc75927258c56","","9","0","núcleo/experimento de desarrollo"
"codigo-camila-bluemili/ldct_simulation-main/ldct_simulation-main/tcia_comparacion_filtros_fbp.ipynb","8885730","de8891c2cef3864b345fa87bd95c490db91e14277b9403f8887d2dc237a9bbd2","","15","0","núcleo/experimento de desarrollo"
"codigo-camila-bluemili/ldct_simulation-main/ldct_simulation-main/try_the_algorithm.ipynb","1194659","707c240c850c5c39ff19859a890b2c0a6c594245cca89d23217451c568f3ea1b","","9","0","núcleo/experimento de desarrollo"
"codigo-camila-bluemili/ldct_simulation-main/ldct_simulation-main/.ipynb_checkpoints/sdct_ldct_sinograma_gaussiano-checkpoint.ipynb","2906303","36f09c9f45680a221bd8a68910933ae44cae9a8244dc056bcfefd62686299799","","30","1","checkpoint"
"codigo-camila-bluemili/ldct_simulation-main/ldct_simulation-main/.ipynb_checkpoints/try_the_algorithm-checkpoint.ipynb","999593","fadd9a53decaef8d761aa43cd774932face4dd4531630f1a727c3e478b5a42bf","","10","0","checkpoint"
"codigo-camila-bluemili/ldct_simulation-main/ldct_simulation-main/algorithm/__init__.py","58","f0d71534af02c138e48ee76867fec55a792d9b9ebf44f4595e1be9cf6a626d85","","","","núcleo/experimento de desarrollo"
"codigo-camila-bluemili/ldct_simulation-main/ldct_simulation-main/algorithm/sim_functions.py","1849","dbd6cc3ba2f5072ebab2299aa58ae7e5f017a392be1fcf769563d6d8b495829a","apply_ld_sinogram_full:8; simulation_ldct_colorectal:28","","","núcleo/experimento de desarrollo"
"codigo-camila-bluemili/ldct_simulation-main/ldct_simulation-main/algorithm/utils_functions.py","536","e98b3c34bc379e6a4e74c0d41da4d922a091e844cb6ea7bb76b025ee9cc18432","","","","núcleo/experimento de desarrollo"
"codigo-camila-bluemili/ldct_simulation-main/ldct_simulation-main/docs/CHANGES.md","21592","6bc3d68cd2d2189c2f30f899c91c6213634fe2c81bc9ab1ebd119356f7b521b3","","","","núcleo/experimento de desarrollo"
"codigo-camila-bluemili/ldct_simulation-main/ldct_simulation-main/extra_files/tumor_sizes.ipynb","2280","1029981996ab3767d91fd765ca3feefe1fba51541d4edb69e15dcfd2273818a4","","5","0","segmentación fuera de alcance"
"codigo-camila-bluemili/ldct_simulation-main/ldct_simulation-main/ldct/__init__.py","254","c7b318b64ee001c0cdff0a33cb6351327240141c3c948efee0b5a71127787bf5","","","","núcleo/experimento de desarrollo"
"codigo-camila-bluemili/ldct_simulation-main/ldct_simulation-main/ldct/__main__.py","61","3129adff95e0f38b87ab34cddfc27082c7892bcaec267ff5d40f160fdf55b44a","","","","núcleo/experimento de desarrollo"
"codigo-camila-bluemili/ldct_simulation-main/ldct_simulation-main/ldct/cli.py","1322","45f80f96630cecf138da61ff2bf0d197efc0af4cc68716163ad1d0fc1c0f4b3c","main:7","","","núcleo/experimento de desarrollo"
"codigo-camila-bluemili/ldct_simulation-main/ldct_simulation-main/ldct/config.py","1632","1640dcec868dd2d8799bcf00c84f1f0a91a9dfbb97db63562b052677e32588bc","SimulationConfig:8; __post_init__:23","","","núcleo/experimento de desarrollo"
"codigo-camila-bluemili/ldct_simulation-main/ldct_simulation-main/ldct/dose.py","2776","c9b749ab63af647545d4d992fec633d42bb7ed8396319706eafbcc0b4fc171d1","_number:6; get_pitch:13; get_mAs_from_dicom:22; get_tube_current_time_mas:37; incident_photon_count:49","","","núcleo/experimento de desarrollo"
"codigo-camila-bluemili/ldct_simulation-main/ldct_simulation-main/ldct/measurements.py","2947","5cde2f14f2dc86fd1f4b1f3efd59b05da6ac2c6066a8a437d9206611bd1164e0","measure_mask:11; compute_tumor_volumes:39; save_tumor_volumes_to_csv_simple:51","","","segmentación fuera de alcance"
"codigo-camila-bluemili/ldct_simulation-main/ldct_simulation-main/ldct/metrics.py","2510","bbe1be94bfbb5d930bf80477fa93b8c21c4c07583c04bd7ab091b3b1737895db","ROI:8; calculate_snr_cnr_phan:24; compute_psnr:36; _binary_pair:46; iou_score:55; dice_score:61; extract:14","","","núcleo/experimento de desarrollo"
"codigo-camila-bluemili/ldct_simulation-main/ldct_simulation-main/ldct/normalization.py","1130","c83647964016f1cbb59fb70f67f9fdf4f0fcc0fa7a4ed6c5c048e49b9fba0a04","NormalizationInfo:8; normalize_image:21; denormalize_image:29; __post_init__:12; range:17","","","núcleo/experimento de desarrollo"
"codigo-camila-bluemili/ldct_simulation-main/ldct_simulation-main/ldct/pipeline.py","2267","e7aaffc1691c7479d7e83df705163276618aaff9c4a95ef04dff125342d193aa","SimulationResult:13; simulate_slice:24","","","núcleo/experimento de desarrollo"
"codigo-camila-bluemili/ldct_simulation-main/ldct_simulation-main/ldct/reconstruction.py","706","96fc9b6767078af1a1aab31d66b85b4e344710a8a3c48555c41e605e8f0e556c","reconstruct_fbp:6","","","núcleo/experimento de desarrollo"
"codigo-camila-bluemili/ldct_simulation-main/ldct_simulation-main/ldct/segmentation.py","4698","ee19994a7add12ead432edd48d20d3b108645d27536a2b2a97bd6d2e97e31846","get_slices_with_segmentation:11; map_ct_slices:19; decode_segmentation:26; build_full_volume_from_dicomseg:63; ground_truth_nifti:68; compare_segmentation:79","","","segmentación fuera de alcance"
"codigo-camila-bluemili/ldct_simulation-main/ldct_simulation-main/ldct/sinogram.py","1425","73641772b4f9eb0abf4bc1923055f37a940dc4cebca1159b4362606cd412d249","generate_sinogram:7; transmitted_counts:15; counts_to_sinogram:21","","","núcleo/experimento de desarrollo"
"codigo-camila-bluemili/ldct_simulation-main/ldct_simulation-main/ldct/validation.py","684","9b8e68eb7cf240015349e39a4f63505101ff67f4716c3f6c6b5a1ca4f7ab39f4","finite_array:5; positive:14","","","núcleo/experimento de desarrollo"
"codigo-camila-bluemili/ldct_simulation-main/ldct_simulation-main/ldct/visualization.py","2139","bb1ab1f2124486a37148fbc60a767320120cae5edd8c361b58de72089815c548","print_values:5; histogram_values:10; plot_comparison:20; plot_random_slice_three_nii:35","","","núcleo/experimento de desarrollo"
"codigo-camila-bluemili/ldct_simulation-main/ldct_simulation-main/ldct/workflows.py","8666","1b85594fc28e2469a8a968b9e7dbe4d3bb78ebba6c249390423134a1ee061b69","require_exposure:19; simulate_dataset:26; metrics_simulation_phan:84","","","núcleo/experimento de desarrollo"
"codigo-camila-bluemili/ldct_simulation-main/ldct_simulation-main/ldct/io/__init__.py","57","595929f9e12b2c38d368eaf3435665d293b1c9aeb9d5850269076eaf35798b7f","","","","núcleo/experimento de desarrollo"
"codigo-camila-bluemili/ldct_simulation-main/ldct_simulation-main/ldct/io/datasets.py","4274","1df531dc9a99b98656564fc1b1e423886535a2443528aff246fffbf24b269327","CTSeries:13; discover_series:19; sort_slices:45; load_series:79; average_mAs_from_dicoms:86; col_mas_av:94","","","núcleo/experimento de desarrollo"
"codigo-camila-bluemili/ldct_simulation-main/ldct_simulation-main/ldct/io/dicom.py","5311","b91feaf471b14575b953d1a5e94c02df25516f4c15cb62be80f362d9794066c4","read_ct:12; validate_ct:18; modality_values:25; save_lowdose_dicom:33","","","núcleo/experimento de desarrollo"
"codigo-camila-bluemili/ldct_simulation-main/ldct_simulation-main/ldct/io/nifti.py","2728","11da8c2564434582ef9a5e5bb4b820c737f0490f4a841e69fb1dbab56e8e0fdf","series_affine:10; affine_from_dicom:34; save_nifti:38; series_to_nifti:53","","","núcleo/experimento de desarrollo"
"codigo-camila-bluemili/ldct_simulation-main/ldct_simulation-main/ldct/io/results.py","661","b3e8ec02e1ea58d5a18d7dc7ea3421af57f221e408a849ebe2d4e0f770c85afe","save_csv:7; save_json:18","","","núcleo/experimento de desarrollo"
"codigo-camila-bluemili/ldct_simulation-main/ldct_simulation-main/ldct/noise/__init__.py","532","7ab0c5b5c6c7be5a0303ab1e61d8bda0f8549aa9b1b117d3ac5b7bf57542d258","poisson:6; poisson_gaussian:10","","","núcleo/experimento de desarrollo"
"codigo-camila-bluemili/ldct_simulation-main/ldct_simulation-main/ldct/noise/gaussian.py","463","276475dc759ce0a34bb60dc81a647d73db59ae2cfa979ae744cf9b4ed23a1c1a","add_gaussian_noise:6","","","núcleo/experimento de desarrollo"
"codigo-camila-bluemili/ldct_simulation-main/ldct_simulation-main/ldct/noise/poisson.py","430","e8919a3fa9a9f34329f09a23fe442c53d204dfea3e537cccd2793437a59cc984","add_poisson_noise:6","","","núcleo/experimento de desarrollo"
"codigo-camila-bluemili/ldct_simulation-main/ldct_simulation-main/resultados/comparacion_sinogramas_tcia.png","843909","6e5a68007fb8f42082b97a8b22fe1f578441c4b724f34458c08bff62e08cff53","","","","núcleo/experimento de desarrollo"
"codigo-camila-bluemili/ldct_simulation-main/ldct_simulation-main/resultados/sinogramas_ldct_sin_vs_con_ruido.png","1123159","a4f6019ad34538e54b276f390a44df64e223a2eb1da8055bdd6c7ad833242563","","","","núcleo/experimento de desarrollo"
"codigo-camila-bluemili/ldct_simulation-main/ldct_simulation-main/resultados/sinogramas_relativos_ldct_sin_vs_con_ruido.png","1177430","4193ad12ff05c475ca3a8b22bcccf992ca220051d0f517bfa0a47e111462c4d8","","","","núcleo/experimento de desarrollo"
"codigo-camila-bluemili/ldct_simulation-main/ldct_simulation-main/resultados/sinogramas_relativos_sdct_ldct_con_ruido.png","1281122","51afefadcc20747a2b4b74a08e380acd061ed2235e4067438aace75c2922c152","","","","núcleo/experimento de desarrollo"
"codigo-camila-bluemili/ldct_simulation-main/ldct_simulation-main/resultados/sinogramas_relativos_sdct_ldct_sin_ruido.png","928957","5cb28443ffee0b14afe899a13c7d18149078872daf6bb9ad067b93d939c33b8a","","","","núcleo/experimento de desarrollo"
"codigo-camila-bluemili/ldct_simulation-main/ldct_simulation-main/resultados/sinogramas_relativos_sdct_sin_vs_con_ruido.png","1128302","2d310426eab88c6fe2b3b2c72a468771afc14fef18b9bd15338a2a3a65db7881","","","","núcleo/experimento de desarrollo"
"codigo-camila-bluemili/ldct_simulation-main/ldct_simulation-main/resultados/sinogramas_sdct_ldct_con_ruido.png","1310109","62d33912d76456f4481140b8efa9e143a2e5cd549e3973f53caeb9c8af07aabc","","","","núcleo/experimento de desarrollo"
"codigo-camila-bluemili/ldct_simulation-main/ldct_simulation-main/resultados/sinogramas_sdct_ldct_sin_ruido.png","874640","babf53b9fc19fbb28a07e916337de9cb500bca30f7f38deb57a5ba1e9a8e23e4","","","","núcleo/experimento de desarrollo"
"codigo-camila-bluemili/ldct_simulation-main/ldct_simulation-main/resultados/sinogramas_sdct_sin_vs_con_ruido.png","1078638","00603fa0f89e2714dc15e299caa23a54b03c2893e6e7228c86e3729804dde0dc","","","","núcleo/experimento de desarrollo"
"codigo-camila-bluemili/ldct_simulation-main/ldct_simulation-main/resultados/comparacion_filtros_tcia/entradas.png","942540","acb8a2f6e510127067e0bb08fa4d3472818c4baa604310f113a9d81322bd8a39","","","","núcleo/experimento de desarrollo"
"codigo-camila-bluemili/ldct_simulation-main/ldct_simulation-main/resultados/comparacion_filtros_tcia/filtros_ldct_gaussiano.png","5189680","aed43080f4bb100b95660c9e64256ed62cfc8aaaaa7b976ac2343321b37c1742","","","","núcleo/experimento de desarrollo"
"codigo-camila-bluemili/ldct_simulation-main/ldct_simulation-main/resultados/comparacion_filtros_tcia/filtros_ldct_sin_ruido.png","4847881","4fab24ffafa0c67ac4f18fd45ed1bed49feaeb693e810b9d091522f99dbdc6d1","","","","núcleo/experimento de desarrollo"
"codigo-camila-bluemili/ldct_simulation-main/ldct_simulation-main/resultados/comparacion_filtros_tcia/filtros_sdct_gaussiano.png","4705258","4357ea929cea94af3490023b78b007607e465007269d027c7f2b9c86e0cda45d","","","","núcleo/experimento de desarrollo"
"codigo-camila-bluemili/ldct_simulation-main/ldct_simulation-main/resultados/comparacion_filtros_tcia/filtros_sdct_sin_ruido.png","3855690","913f0a400882088422a620335c020ede6609dfa0a6b6b70ac1abc8edcacb1df3","","","","núcleo/experimento de desarrollo"
"codigo-camila-bluemili/ldct_simulation-main/ldct_simulation-main/resultados/comparacion_filtros_tcia/metricas_filtros.csv","1584","2b39de0d0a5807e8d754471f80f4baf0a9a777dd175d141aaab3843fa9e41148","","","","núcleo/experimento de desarrollo"
"codigo-camila-bluemili/ldct_simulation-main/ldct_simulation-main/tests/conftest.py","2154","01fbcf93e2871eb8dd9e94db39fe69e259b20ba1cb33b221232ea07ab6448a70","phantom:8; dicom_factory:17; make:18","","","núcleo/experimento de desarrollo"
"codigo-camila-bluemili/ldct_simulation-main/ldct_simulation-main/tests/test_dose_metrics.py","2864","85e35c78faa545d97beee781568e61ee6807679095d06175cf7372314b42e52f","test_exposure_units_and_pitch:10; test_tube_current_time_product_and_calibrated_photons:30; test_missing_metadata_not_invented:40; test_sigma_not_variance_and_offset_effect:47; test_psnr_uses_explicit_range:59; test_invalid_roi_and_constant_ratios:66; test_binary_overlap_empty_and_no_broadcast:73","","","núcleo/experimento de desarrollo"
"codigo-camila-bluemili/ldct_simulation-main/ldct_simulation-main/tests/test_io_workflows.py","8828","5fad4cc1d799d28b95b589bf761a2bc6bf242fe68f0da3e77306bed6ce2fea24","test_dicom_original_scale_and_metadata:18; test_export_does_not_renormalize_reconstruction:40; test_clipping_at_storage_boundary_only:47; test_oblique_geometry_sorted_by_normal:57; test_ambiguous_and_nonuniform_series:75; test_dataset_end_to_end_per_slice_exposure:87; test_phantom_metrics_original_scale_and_own_geometry:108; test_dicom_transfer_syntax_conversion:126; test_cli_and_teaching_notebook:145","","","núcleo/experimento de desarrollo"
"codigo-camila-bluemili/ldct_simulation-main/ldct_simulation-main/tests/test_normalization.py","815","9075dd802feed559581ec970b1c7fb4f57dfa9a645fd7d0fe6f1db29345a587f","test_round_trip:8; test_inverse_preserves_overshoot:14; test_invalid_values_rejected:20","","","núcleo/experimento de desarrollo"
"codigo-camila-bluemili/ldct_simulation-main/ldct_simulation-main/tests/test_segmentation.py","2049","c70bfb04b1848cfb0abb75a853f84d265cd57c96b1d2f1c397483fad0f88710f","test_prediction_uses_its_own_affine:8; test_seg_noncontiguous_segment_numbers_and_union:19; test_volume_uses_spacing_and_diameter_is_in_plane:44; DecodedSeg:33","","","segmentación fuera de alcance"
"codigo-camila-bluemili/ldct_simulation-main/ldct_simulation-main/tests/test_simulation.py","3495","db098d2b2f93a547986624a30caacd1f89d50cf6e7bab29de271604930864a50","test_preserved_historical_positive_count_path:12; test_gaussian_flag_and_seed:28; test_noise_statistics:40; test_count_floor_is_attenuation_not_air:50; test_constant_and_full_field:57; test_custom_noise_extension:64; test_geometry_contracts:72; test_invalid_dose:80; no_noise:65","","","núcleo/experimento de desarrollo"
"Hito-1/.gitignore","95","3720c915243f025ae49c69535fbe018bf8a2d6589cc855e75d72087bb916a3b6","","","","Hito 1 versión anterior"
"Hito-1/README.md","5521","2db0eb4e4d4bd5909a501b5d26f1efdce9c9fa0073697d363b4709a16bb204cf","","","","Hito 1 versión anterior"
"Hito-1/config.json","167","6b13ec26e52614bedea17592e0630a4693af56d5c5e8323efd50151e71b891eb","","","","Hito 1 versión anterior"
"Hito-1/hito_1.ipynb","5337","4e3d36d592fc6e10dc90bb29a4b7c01dcae758cca54427f4c305490406d90d6c","","11","0","Hito 1 versión anterior"
"Hito-1/metricas_informe.csv","175","71a57082030a923a06111147202d59e3ecf274ca85d34dbc0fdfdf32f415d677","","","","Hito 1 versión anterior"
"Hito-1/reproducir.py","10943","dce50a608f8a037cb3f025c647d898c255100b62ff7644835e2d3af5e916e808","cargar_config:23; leer_hu:33; metricas:50; calcular:57; dibujar:111; guardar:145; verificar_informe:167; main:177","","","Hito 1 versión anterior"
"Hito-1/requirements-notebook.txt","55","2ffb83c919792f0974e0e2bb4b65906cddcb1b9ae3f199d2f6ce5819674483aa","","","","Hito 1 versión anterior"
"Hito-1/requirements.txt","161","e1bcc4673fce9289755cb7e0d274a6aa5f9cb178cf81ce7b398e8e512d5aaf31","","","","Hito 1 versión anterior"
"Hito-1/datos/README.md","962","b2c63e201bfac5fdb02303b0746da8d021f78223f06cb8b6486abb3f6da42304","","","","Hito 1 versión anterior"
"Hito-1/resultados_referencia/ejecucion.json","728","e44ddd5ae7ce7498f1e13621042f48ace74f441381aa9b80368b269b6fb60148","","","","Hito 1 versión anterior"
"Hito-1/resultados_referencia/figura_1.png","2483588","7af635dd599f78ea06ff9c6e052e233a9ec26f0f8b0ff6fa2c77a1aca25c44fd","","","","Hito 1 versión anterior"
"Hito-1/resultados_referencia/figura_2.png","2954270","5901000570cac5c582266a1ec876f0b9be4a2fd8b6bc0885d34cec0106c95298","","","","Hito 1 versión anterior"
"Hito-1/resultados_referencia/metricas.csv","309","0c3535a8387da951dbf688bfbac147b608f377fc05ebe32ffaccda03c1aac482","","","","Hito 1 versión anterior"
"lodopab_npy_test/.gitignore","42","7eeaed239c17ffeeee19120e8a99fc75a5d61bd45b863c27c5508224af9eec7c","","","","adaptación LoDoPaB fuera de alcance"
"lodopab_npy_test/DIAGNOSTICO.md","7779","9601bdebfcc8a4f52a2904ad7957605b869cd3ac97b9e87969f7e23b1b794fc1","","","","adaptación LoDoPaB fuera de alcance"
"lodopab_npy_test/README.md","6696","1c932cdf8bb35cb15a8744a86d27ff673135e2c462eb656be65598dbb9bd5d73","","","","adaptación LoDoPaB fuera de alcance"
"lodopab_npy_test/adapter.py","3828","767a3baa8675d076b74269826a54e91df932e61ba487dff49ebc93b3a849e421","validate:14; load_npy:26; stats:33; image_roundtrip:38; lodopab_operator:50; reconstruct_observation:65","","","adaptación LoDoPaB fuera de alcance"
"lodopab_npy_test/lodopab_comparacion_2_filas.ipynb","1102993","7a66e41e56439c766ccfc311ba0695ef5be143944aab8668ace20037ca8c00e1","","8","0","adaptación LoDoPaB fuera de alcance"
"lodopab_npy_test/lodopab_imagen_formato_anterior.ipynb","716382","739152ea0d56c0692c8d579f050fa31267712a7c116f12d08e9c62c250ec824e","","10","0","adaptación LoDoPaB fuera de alcance"
"lodopab_npy_test/lodopab_paso_a_paso.ipynb","1614329","baf5b978cf7698338131c56080380450ec4115bf750425434e8941629453dc9f","","21","0","adaptación LoDoPaB fuera de alcance"
"lodopab_npy_test/lodopab_sinogramas_formato_anterior.ipynb","15784","fc27e2fed820dfb0ef81b7d13cb8ce893f10e8dfe3e9abee05225eba775ff1ba","","10","1","adaptación LoDoPaB fuera de alcance"
"lodopab_npy_test/requirements-odl.txt","191","39cd254dc9df1fd7d15ec1ed106b3e8845d78520938bec910da6026b98359c34","","","","adaptación LoDoPaB fuera de alcance"
"lodopab_npy_test/run_test.py","6911","0d1f993b9b94c2f47cc4452a6ff82e596fe76950c5037091c79b4dbcc8f35043","main:12; stage:33","","","adaptación LoDoPaB fuera de alcance"
"lodopab_npy_test/test_adapter.py","3160","c6841251342a1ec40a6a7f8a8acd7353553ac106bc7b38cdda4645d077b5c317","Contracts:7; test_shape_errors_are_explicit:8; test_nonfinite_and_unsafe_types:15; test_preserve_scale_and_negative_observations:20; test_original_stages_do_not_draw_noise_or_normalize:28; test_observation_semantics_required:40; test_odl_asymmetric_phantom_geometry_scale_and_no_noise:44","","","adaptación LoDoPaB fuera de alcance"
"lodopab_npy_test/.ipynb_checkpoints/lodopab_comparacion_2_filas-checkpoint.ipynb","8530","f3023f16caf059f6442394feb5b7ac8b8483d93e97f5b0bd3c21f97fe4c914cf","","8","0","checkpoint"
"lodopab_npy_test/.ipynb_checkpoints/lodopab_imagen_formato_anterior-checkpoint.ipynb","735998","18bef517e4801b22a052810a8e6a9a1459f113bafcaf9411b69d13ed39186a46","","10","0","checkpoint"
"lodopab_npy_test/.ipynb_checkpoints/lodopab_paso_a_paso-checkpoint.ipynb","1614671","a1fb1ced0d3ff1a1d8f5c96541a22dd7ecbc53d4937f1c1944cbe5c6fe6250c2","","21","0","checkpoint"
"lodopab_npy_test/.ipynb_checkpoints/lodopab_sinogramas_formato_anterior-checkpoint.ipynb","423459","6fd2b46a4898a026d734999ce00d3660d5055bf6e64fb3781eb6a92307e85b14","","10","0","checkpoint"
"lodopab_npy_test/outputs/00_img_010.png","317254","c771453dacba0a0486e0ac2fcb048208a70453c15adb75ef5ebdf58b23de82cb","","","","adaptación LoDoPaB fuera de alcance"
"lodopab_npy_test/outputs/00_img_010_radon_pixels.npy","1482880","7f8cb012fefdfbbea2f4607f38b4c7bc94399e03cc2cfa2c2af86fde039d6d5d","","","","adaptación LoDoPaB fuera de alcance"
"lodopab_npy_test/outputs/00_img_010_roundtrip.npy","1048480","d19ae6e886503f2ef742ac805626b7b204d517f0fd39e1163acf6af7386cee85","","","","adaptación LoDoPaB fuera de alcance"
"lodopab_npy_test/outputs/01_sino_007.png","201422","46b69c2dc0c45d0933dd674566f3462505c189f330f83ceebbbd521dde5e27de","","","","adaptación LoDoPaB fuera de alcance"
"lodopab_npy_test/outputs/02_sino_009.png","200780","41dc50bbc44c71a80fc880886bf2526b369c6ca4228796a315483c251a2e5d59","","","","adaptación LoDoPaB fuera de alcance"
"lodopab_npy_test/outputs/VERIFICACION.md","2136","697e89877c008a12116152673008b2110584e9ce8868dcf3eed0050bcb2eaaad","","","","adaptación LoDoPaB fuera de alcance"
"lodopab_npy_test/outputs/report.json","3374","6a0f41be161d6797be7faa79f79f1cde9516262fdf992e89959c36db9d58b520","","","","adaptación LoDoPaB fuera de alcance"
"lodopab_npy_test/outputs/comparacion_2_filas/comparacion_2_filas.png","1254098","af355f8fc083549d944840d398af10865cffce4588bb154321f87fab37ab9e0e","","","","adaptación LoDoPaB fuera de alcance"
"lodopab_npy_test/outputs/comparacion_sinogramas/comparacion.json","390","0ef7989e929664c45ebd7738f3fe55456a625959e70ef90025255ba0aa3b3415","","","","adaptación LoDoPaB fuera de alcance"
"lodopab_npy_test/outputs/comparacion_sinogramas/comparacion_sinogramas.png","584360","2d09eeb9c0027d25ff18d5a7072a88ddeef2536f80cc9f55add578cfb3733901","","","","adaptación LoDoPaB fuera de alcance"
"lodopab_npy_test/outputs/comparacion_sinogramas/diferencia_sinogramas.npy","4104128","ef6e22319f13c159c6f91f78d77aad62a891a809360a87d5ee7f7360064f2b75","","","","adaptación LoDoPaB fuera de alcance"
"lodopab_npy_test/outputs/comparacion_sinogramas/sinograma_desde_imagen.npy","2052128","c716620e38f1503534183e9d7e2728b2375b05d43fd214de43c198d139db4065","","","","adaptación LoDoPaB fuera de alcance"
"lodopab_npy_test/outputs/imagen_formato_anterior/comparacion_imagen.png","896392","7d55cad7c236e7c08c82a6605aeffcc41c2c517485dd4efa769e5f220d4692cc","","","","adaptación LoDoPaB fuera de alcance"
"lodopab_npy_test/outputs/notebook/01_entradas.png","674383","3963f332dfd2c2a0072392114ea9a7387579185cb3fbdda697559963472ad6c0","","","","adaptación LoDoPaB fuera de alcance"
"lodopab_npy_test/outputs/notebook/02_radon_imagen.png","178739","136b901cdb97c5c16dc3c07b5237a0456e4c1661d0e3fa4f91c6e98676b65da8","","","","adaptación LoDoPaB fuera de alcance"
"lodopab_npy_test/outputs/notebook/03_roundtrip_imagen.png","1234251","3891992f02be6b612f72a9fc7003b4515bc50e4bae6dad92771c540dfaad5c57","","","","adaptación LoDoPaB fuera de alcance"
"lodopab_npy_test/outputs/notebook/img_010_roundtrip.npy","1048480","d19ae6e886503f2ef742ac805626b7b204d517f0fd39e1163acf6af7386cee85","","","","adaptación LoDoPaB fuera de alcance"
"lodopab_npy_test/outputs/sinogramas_formato_anterior/comparacion_sinogramas.png","87118","d01beafab79fb589733fd9759b10051fcecb5f1322d6cb6469d602d7ddedcd79","","","","adaptación LoDoPaB fuera de alcance"
"lodopab_npy_test/outputs/sinogramas_formato_anterior/sinogramas_entrada.png","512528","371ade43d21953dd51abf816a13dec4d73e6e669366057e743ccbfa33d9168a1","","","","adaptación LoDoPaB fuera de alcance"
"results/fourier_vs_fft_tcia/README.md","4071","4b27cc4effc60c95510b446636382d3585ab085e3a4e8e1ec57cbbbed62b23c9","","","","resultado/documentación"
"results/fourier_vs_fft_tcia/arrays_dft_fft.npz","12728753","9164b075f4aff8b1768b931e9fa812bd173d91c012cbd811e561e8ad5b1bf558","","","","resultado/documentación"
"results/fourier_vs_fft_tcia/comparacion_dft_fft.png","2823461","f04074a1d9e0b6881e1a022a4e248d3cfee2aa5a29ef763ceae0a9b568a855e1","","","","resultado/documentación"
"results/fourier_vs_fft_tcia/comparar_fourier_tcia.py","13084","fa31e00aeb08e5bf9196d43456317a6eeb8551def2b87a0aaa18f9b7869a7cef","matriz_dft:32; dft_directa:44; idft_directa:53; ramp_compartido:61; retroproyectar:77; medidas:93; ejecutar:99","","","resultado/documentación"
"results/fourier_vs_fft_tcia/informe.json","2034","5387b230412d4b16c860ad89089b2872f5271e0bf3c0cfdd638d3780c6fc7398","","","","resultado/documentación"
"results/fourier_vs_fft_tcia/metricas.csv","485","b4754a01bc3ef336448078b6934f16c24884a26c35d296003f018e85c04f8eea","","","","resultado/documentación"
"results/informe_hito1/Secciones_5_6_Overleaf.zip","16583688","5fe6aae553cb961c7c85705d6dad082990cf040191496c3e828714520a277a25","","","","resultado/documentación"
"results/informe_hito1/.build/pagina6.png","17717","38362726a564168f8460235d16ba5b5449e03c1a9b1cf0984ae9bd8d06455712","","","","resultado/documentación"
"results/informe_hito1/.build/preparar.py","19875","a829d8e680834fa71d755192a0cb070f86a40f97429db1a4fa1414701864fc8e","table:202; sci:262","","","resultado/documentación"
"results/informe_hito1/overleaf/LEEME.md","1236","4a52a242425f90696bd65176d3c61862ebc5628abe8f8e15c320a7c7b4f8000f","","","","resultado/documentación"
"results/informe_hito1/overleaf/secciones_5_6.tex","4815","7905157d8e839f8f28b3eaaec25439656ce66a4786f44b408a0473b0ecb888e9","","","","resultado/documentación"
"results/informe_hito1/overleaf/figuras/dft_fft.png","2823461","f04074a1d9e0b6881e1a022a4e248d3cfee2aa5a29ef763ceae0a9b568a855e1","","","","resultado/documentación"
"results/informe_hito1/overleaf/figuras/diferencia_relativa.png","928957","5cb28443ffee0b14afe899a13c7d18149078872daf6bb9ad067b93d939c33b8a","","","","resultado/documentación"
"results/informe_hito1/overleaf/figuras/filtros_ldct.png","5189680","aed43080f4bb100b95660c9e64256ed62cfc8aaaaa7b976ac2343321b37c1742","","","","resultado/documentación"
"results/informe_hito1/overleaf/figuras/filtros_sdct.png","4705258","4357ea929cea94af3490023b78b007607e465007269d027c7f2b9c86e0cda45d","","","","resultado/documentación"
"results/informe_hito1/overleaf/figuras/recorrido_con_ruido.png","1157997","5ae826e4d63751df765dd0ae84f8b4a87ca15060f79320da91579645880763fa","","","","resultado/documentación"
"results/informe_hito1/overleaf/figuras/recorrido_sin_ruido.png","995859","92c7e735e04e86a1a9d39f35e466edc07cc8bfe246fbf89e3230734695333d03","","","","resultado/documentación"
"results/informe_hito1/overleaf/figuras/sinogramas.png","874640","babf53b9fc19fbb28a07e916337de9cb500bca30f7f38deb57a5ba1e9a8e23e4","","","","resultado/documentación"
"results/informe_hito1/overleaf/metricas/dft_fft.csv","485","b4754a01bc3ef336448078b6934f16c24884a26c35d296003f018e85c04f8eea","","","","resultado/documentación"
"results/informe_hito1/overleaf/metricas/dft_fft_informe.json","2034","5387b230412d4b16c860ad89089b2872f5271e0bf3c0cfdd638d3780c6fc7398","","","","resultado/documentación"
"results/informe_hito1/overleaf/metricas/filtros.csv","1584","2b39de0d0a5807e8d754471f80f4baf0a9a777dd175d141aaab3843fa9e41148","","","","resultado/documentación"
"results/informe_hito1/overleaf/metricas/relativas.csv","262","964ce7236dd2d521a1e14de1c35858c77a3dd45f476720a7f01486852ffebdea","","","","resultado/documentación"
"results/informe_hito1/overleaf/metricas/sinogramas.csv","287","7c6e3670ff3fb11a6d91dea7798fceecf697a997a14760cffd3043cebd510085","","","","resultado/documentación"
"results/presentacion_tcia/.build/build.mjs","11884","bcb9b0e2d572ecf7c27b685a5faee24da7ac73f9c931c1c5a48d259be6f3cfeb","","","","resultado/documentación"
"results/presentacion_tcia/.build/candidate.pptx","31127346","745d7c9d14c998a3be7f3c25435563f253dc925d59c8cc1f33010a80399d6eaf","","","","resultado/documentación"
"results/presentacion_tcia/.build/candidate.pptx.inspect.ndjson","38435","2546644cbe4977c757cd59d621ada433b6f94e504f9363db0648a41c3e4cb1bf","","","","resultado/documentación"
"results/presentacion_tcia/.build/slide-01.png","47382","fb450f182a2f7740a1f6ba16d2e737591534c57cbe3ec2239eb7eac4e45272fa","","","","resultado/documentación"
"results/presentacion_tcia/.build/slide-02.png","219691","c20dcd3fd445c0893ae48bfa7c2c1d0fadd08f62c8b81ea30cf36e20d845ecac","","","","resultado/documentación"
"results/presentacion_tcia/.build/slide-03.png","215973","e676dff79ecc9e981b22fdcfd45d3e67196bad11abde4c626c8779137199b353","","","","resultado/documentación"
"results/presentacion_tcia/.build/slide-04.png","293004","ebd2a175c69110e2a0627ac0b187e3950243d69359816dcf4f70e93d169a82bb","","","","resultado/documentación"
"results/presentacion_tcia/.build/slide-05.png","244755","69fd098596849b31365c2ef1fd35bf513e88d2c571fa153961f15f829f16166b","","","","resultado/documentación"
"results/presentacion_tcia/.build/slide-06.png","250659","962f4e70706f1e56dd2c8df007007a5babf440bb978b25c3ceb4e4af58ff91b1","","","","resultado/documentación"
"results/presentacion_tcia/.build/slide-07.png","252840","a338abf141f681ffaee76174c423930ca249ce09b3d775a9101eb6b91370ec6a","","","","resultado/documentación"
"results/presentacion_tcia/.build/slide-08.png","339431","57e5a943f0de7f816e0c0ce38009dc315254e4b3e554d869f95c6b0c10691cf7","","","","resultado/documentación"
"results/presentacion_tcia/.build/slide-09.png","306296","ecfdaee3ed115effe19f767b4f7c904ce0e26d9e4734f140f0e2ba5c8e6a1f0c","","","","resultado/documentación"
"results/presentacion_tcia/.build/slide-10.png","312349","c0c3ae9c5b03fb81abf80bd32ef54537f2e88c73b42190732e8b248c81143a37","","","","resultado/documentación"
"results/presentacion_tcia/.build/slide-11.png","74085","341d57e4657e2f540c7f7361315625664591124e30654393cc533fe656a35ab5","","","","resultado/documentación"
"results/presentacion_tcia/.build/slide-12.png","592136","8750086ea35e37d282b2787d73363fe4d4f6850e3d04165e288b5da5caf99a71","","","","resultado/documentación"
"results/presentacion_tcia/.build/slide-13.png","735290","fd08c2622d0fa9d6b43ad47b66505ff7a7288c700edac40c7a9162ce31abda37","","","","resultado/documentación"
"results/presentacion_tcia/.build/slide-14.png","694791","212a27fa97c9891f693ac36b7ef56504ad51836c210e7af23035358a123a32b9","","","","resultado/documentación"
"results/presentacion_tcia/.build/slide-15.png","780813","699a2b27121170b8717759e66b796bde58382feb64d6dfd5ea38458d8b9ff094","","","","resultado/documentación"
"results/presentacion_tcia/.build/slide-16.png","67865","d5bad4a1b11d0b16aabff8cf07e09d02cc53e990f90c242736d340cb811ac702","","","","resultado/documentación"
"results/presentacion_tcia/.build/slide-17.png","64052","653bb7e10a82f996a11434956f8ec1343764b0c1bdeddeab357e7fa83119c99a","","","","resultado/documentación"
"results/presentacion_tcia/.build/slide-18.png","395536","22f90014c253bb4414010e3583c69591e11a12e8d06f16bed9c308dcf22adf08","","","","resultado/documentación"
"results/presentacion_tcia/.build/slide-19.png","65432","f2e76a998dbbb7edc00594e6e2b7e4cb80b0e3eee46fa856ca93f180e44aa7dc","","","","resultado/documentación"
"results/presentacion_tcia/.build/slide-20.png","78182","a874f57e65ed200fc3006167768feddda7c7b4ea461ae056a7f2f6993c4d0d16","","","","resultado/documentación"
"results/presentacion_tcia/.build/validation.json","4105","ee513e7c66a5664339595ab5b346d77b892c6dfe765f5051c4e4f3efa32eec2b","","","","resultado/documentación"
"results/presentacion_tcia/entrega/Resultados_TCIA.pptx","31127346","745d7c9d14c998a3be7f3c25435563f253dc925d59c8cc1f33010a80399d6eaf","","","","resultado/documentación"
"tmp/agregar_comparacion_tcia.py","4480","85310dad08cec5632d078adf302365c731563f261deed514559bf07d96aba0e3","","","","herramienta temporal"
"tmp/crear_notebook_hito1.py","4111","5d15bd3d39599f869dd76bf9e3822dbc32a58b0e53351f267d6c5c32a76352a2","add:5","","","herramienta temporal"
"tmp/documentar_notebook.py","16271","0c3038e3f699d231640f632cebe676771d92d989976b98e4e4d94daa4366425f","md:13; code:16","","","herramienta temporal"
"tmp/audit/calculate_seg_tumor.py.txt","20698","158d179315e3e8d71f177ea78f95dd0e7f71edcbc225e45e6936bc99d80a5658","","","","segmentación fuera de alcance"
"tmp/audit/legacy_style_preview.png","659043","9fe8ec12b021f94c0b73734d4dd05c2f4ea82dac3826706183e47c79762fa10b","","","","herramienta temporal"
"tmp/audit/migrate_notebooks.py","8331","22b9452a31156fb3dfdcd6863caf93472f3af76d3e45c7ee25f06482a8661ad3","md:4; code:5; save:6","","","herramienta temporal"
"tmp/audit/qa_preview.png","28692","3a81a347009dadb367b212690373f1986d1e538a2208bd1d66a50418f50a0438","","","","herramienta temporal"
"tmp/audit/report-09.png","203348","750dd66c8d2b78f1249590c7ab3cbec6be7e8bfed7026c74e57ce62b7e8040ce","","","","herramienta temporal"
"tmp/audit/report-10.png","224212","aeb38c7d7811c5ec0bee9f06dc7e55d1193127eb58833929a564b02a28bc7e39","","","","herramienta temporal"
"tmp/audit/report.txt","16951","c6300ab923aaa0c3f75fa0df1b429044ce223eca6b56c4c9a468966967a42cca","","","","herramienta temporal"
"tmp/audit/sdct_barras_por_fila.png","1517087","c7e0effc59e0c903e9fb12aabca431e7d0ca2b6250a297098e1dac74842c330e","","","","herramienta temporal"
"tmp/audit/sdct_ldct_sinograma_gaussiano.png","1465846","758b2ec4d0dc995b27664d53d0464839a86afdf5fd70ea55734b566972cf1a8b","","","","herramienta temporal"
"tmp/audit/simulated_real_comparison.png","1559579","ea8fcaa1c7960ec75a7782ecdc66d35192d478cd803f117e74e0096f9a575477","","","","herramienta temporal"
"tmp/audit/solution_noise_sim.py.txt","21346","30715a1014c5eed8e169f16ada3c1fcbf1ed13de2473e973cb36d07afe328172","","","","herramienta temporal"
"tmp/audit/three_horizontal_preview.png","789461","bece6f00a2138e146b93210828679b0f96080d7784fd78a378307fedeb77e466","","","","herramienta temporal"
"tmp/audit/try_the_algorithm.py.txt","3371","d8dea1baa43ac0015460d883ddf8915742038562283eaa508bbb428b26690104","","","","herramienta temporal"
"tmp/audit/original/calculate_seg_tumor.ipynb","2805078","91e49928ff13faddc94874dd7cd93721da7eedbd7c8127a9d73f88aba50e7875","","46","2","copia histórica"
"tmp/audit/original/save_colorectal_ldct.py","9588","340c8d4f2388cbbde02f3b6830864937d09c2b0e3edbc915f91449d9848386c0","main:9; save_lowdose_dicom:32","","","copia histórica"
"tmp/audit/original/sim_functions.py","9820","addb90e3568f76ee7b3aeb9b63eae2eb63b3b0cdbed51223b3dd90f477a8fef9","apply_ld_sinogram_full:16; simulation_ldct_colorectal:107; metrics_simulation_phan:112; log:34","","","copia histórica"
"tmp/audit/original/solution_noise_sim.ipynb","11347633","956b6b06a5810ebeec47fb8ab9752e61b3f363b0dce00f6265a81f93b41c186a","","30","0","copia histórica"
"tmp/audit/original/try_the_algorithm.ipynb","451478","4aeaee03152a5f2b72364df373326366648b36ac3b0b9981d5528d72c5e18f1b","","19","0","copia histórica"
"tmp/audit/original/tumor_sizes.ipynb","524626","361298d91008b03779db2fd83be8e19a86b1fca3426319aa7c7b75c096be6fb3","","24","0","copia histórica"
"tmp/audit/original/utils_functions.py","9052","7fae18d44b4af3f0a0b2c6edee3f62a746228f41cab82c9b8d7c70410aa6c062","print_values:8; histogram_values:26; affine_from_dicom:73; calculate_snr_cnr_phan:113; get_pitch:146; get_mAs_from_dicom:185; average_mAs_from_dicoms:228; col_mas_av:267","","","copia histórica"

